Word,Semantic Orientation Value
autonomous,102.595997287
day,74.5923936053
auto,67.1979537487
car,63.0891322622
amp,61.3199661459
ford,58.5628261828
a-ugv,58.1485382108
cross,53.6277545396
autos,52.4839898106
going,51.8391172464
bus,51.4971423871
2016,50.4833396883
allow,49.837141478
for,49.7995435615
excited,49.20521375
innovation,48.4128421897
depressed,48.387373783
automotiveux,47.1875145774
know,45.9563170227
come,45.6365918747
enough,45.470218266
how,44.7348659835
algorithm,44.4987999818
selfdriving,44.1519098811
looks,44.0165782999
sure,42.887129146
crazy,42.5546301607
follow,41.1575389467
new,41.1201863692
kindness,40.8880990537
king,40.8880990537
future,39.9155801297
honored,39.8781149652
intellos,39.5022252442
autonomousvehicle,39.4730615545
businessinsider,39.3957808911
challenges,39.0643320678
downesr,38.9287410382
service,38.8714638471
feel,38.8538875847
pittsburg,38.5410429165
even,38.4693843161
engineer,38.303136553
artificialintelligence,37.6233930375
huge,37.5729686523
pedestrians,37.5664555961
americans,37.3855987132
mass,36.9287410382
face,36.837141478
maybe,36.6950982581
areas,36.630711211
back,36.6166238041
atonomus,35.8880990537
can,35.8326028461
iot,35.8116271751
elon,35.7458038515
adopt,35.5661709588
development,35.4424778276
au‚Ä¶,34.8409965895
anybody,34.7952173654
autonomous‚Ä¶,34.5072772698
home,34.1511334596
2025,33.5015214513
energy,33.4730615545
road,33.1688921123
selfdrivinguber,32.6877524297
daily,32.226320956
made,32.226320956
let,32.1514180969
automotive,31.9984267949
give,31.7496786367
clusterstock,31.6783541453
automated,31.6697451107
get,31.6286949106
'the,31.5778649819
enjoy,31.5661709588
data,31.5072772698
box,31.3720160368
autonews,31.2894446212
chi,31.1734957692
issues,30.899946956
articles.,30.6538138351
audi,30.4921772104
company,30.3921177648
..hug,30.3720160368
economies,30.3720160368
congestion,30.3720160368
...,30.2103389378
end,30.1424510686
analytics_auto1,30.1094743079
've,29.9372534104
chauffeured,29.8032906659
positivity,29.7870535361
entrepreneur,29.7800647261
article,29.6155357908
rww,29.5795078715
learn,29.4932189731
growth,29.3823481371
gift,29.3720160368
the,29.1625315629
got,29.0632698396
technology,28.8089874074
continue,28.3720160368
becoming,28.3720160368
cars-,28.2919748285
generation,28.2020910353
robotics,28.0888796004
automobiles,28.0755206096
cream,28.0500879419
commutes,28.0500879419
experts,27.9722196749
gains,27.7870535361
interested,27.7837267981
part,27.7628545151
read,27.7503725928
emerging,27.6171285346
big,27.6169635364
inteliot,27.5847749269
here,27.4910704622
human,27.4735727982
easy,27.4651254412
hands,27.4189660339
productivity,27.3720160368
michigan,27.3142415148
'smiling,27.3125204154
important,27.2704657885
imagine,27.1329622648
dosmthngormvovr,27.0500879419
improvement,27.0500879419
extremely,27.0500879419
asisabuja2016,26.979698614
cameroon,26.979698614
bendskin,26.979698614
overlords,26.8801629405
fast,26.8748022311
faster,26.85773845
corner,26.7668893373
pamec08,26.728159847
3am,26.728159847
coming,26.7231935037
safe,26.6795124319
avoid,26.6436502668
robot,26.5824323267
plow,26.3720160368
complaint,26.3720160368
farmtech,26.3720160368
analytics,26.3442838543
automatics,26.3442838543
driverlesscars,26.266906263
galway,26.2427330198
fascinated,26.2427330198
devices,26.1028509478
safety,26.0835167918
farming,25.9656014748
subway,25.9125844181
great,25.9061800982
believe,25.8857528261
kvogt,25.8801629405
disruptsf,25.8801629405
system,25.8274218838
chicago,25.7926739852
bestyoupro,25.728159847
concept,25.4755167944
driverlessnow,25.2513150152
google,25.2305412146
boston,25.1883052177
drlovelace,25.0866138179
convo,25.0866138179
drugcartellord,24.8484540807
crashes,24.7573061927
cities,24.726619561
businessmodel,24.6715763186
fledged,24.603831712
damage,24.5776001704
not,24.5549824242
deeplearning,24.527058178
intellos‚Ä¶,24.5140350417
gro,24.5140350417
roboticstmrw,24.5140350417
program,24.4259118234
communicate,24.414162362
drives,24.3829491348
selects,24.3620319482
bellandhowell,24.3213899637
adas,24.2625799235
rtept,24.2427330198
basis,24.2020910353
momentous,24.1921069468
driverlesscar,24.178799801
howell,24.0989975424
bell,24.0989975424
any,24.0519928651
crowded,24.0500879419
2021,24.0334089695
changing,23.9215663252
exponentialage,23.8801629405
startup,23.7304734669
green,23.6171285346
conversations,23.5582348456
conversatio‚Ä¶,23.5582348456
secur‚Ä¶,23.5140350417
ceo,23.4672734026
answers,23.2845531955
brave,23.2559084086
step,23.1970903543
disruption,23.1184048848
community,23.0866138179
look,23.0800620739
introduction,23.0728080184
edge,23.0728080184
nanodegree,22.8828370748
fleet,22.7973850764
journey,22.710237939
rate,22.710237939
implications,22.5296656934
impossible,22.4651254412
ago,22.4472035332
dustinhaisler,22.4207313218
fatalmoves,22.3720160368
comfortable,22.3720160368
elonmusk,22.3242473767
op/,22.247894725
cutting,22.2427330198
deliver,22.2427330198
emoji,22.0866138179
provide,21.9670403911
iiot,21.9569785375
phoenix,21.7833014012
hack,21.7426594167
costs,21.728159847
alderman,21.5922966816
al.,21.5922966816
drunk,21.5502420548
juddapatow,21.5502420548
beyond,21.5016513172
armyrecognition,21.4733930572
putting,21.3720160368
sel‚Ä¶,21.3303568851
discover,21.3131223477
citypgh,21.2952004397
cash,21.2050313426
everything,21.2020910353
city,21.1906251281
proud,21.1332132577
taking,21.0694812805
devoted,20.9926376697
expecte‚Ä¶,20.8721701497
deal,20.8031098823
connected,20.7790879999
agree,20.7573061927
teslamotors,20.7327032266
happy,20.728159847
'smiles,20.728159847
market,20.6988596588
join,20.6280231757
kit,20.6151574347
comma_ai,20.605155893
sounds,20.5727344153
crowdsource,20.5703076779
david‚Ä¶,20.5703076779
pittsburgh,20.5467824714
selected,20.5140350417
ride,20.391396704
selfdrivingcarrace,20.3890224621
cool,20.3275759967
essential,20.2283139599
accessory,20.1772591824
its,20.1741850388
cases,20.1659174228
meet,20.1619154922
personal,20.157696916
autonomously,20.157696916
lets,20.1431973463
freep,20.0728080184
families,20.0188692113
humanworkspace,19.9599755222
bmw,19.9533069124
rating,19.8801629405
learning,19.8622410325
available,19.8212692514
others,19.7870535361
miss,19.7573061927
automotives,19.7558348055
strategy,19.6817629786
but,19.47636189
depressing,19.4127385311
publictransport,19.4062317521
empiricalqs,19.4003826764
digi_squared,19.3943783464
fusion,19.2845531955
wait,19.247894725
challenge,19.204597891
driverless-car,19.0936736995
cruise,19.0463240969
operating,18.9877719145
forbes,18.8801629405
play,18.8530885814
might,18.8340035332
lidar,18.7491634509
games,18.7022451483
hit,18.6846951511
built,18.6418289753
seems,18.5727344153
dark,18.5502420548
awesome,18.5086040778
999,18.4333047782
1st,18.4275020002
acquisition,18.4223716802
billion,18.3972429689
check,18.3324358756
develop,18.2234539025
possible,18.1431973463
billpeduto,18.0277201289
digitaltransformation,18.0188692113
grand,18.0029640298
solutions,17.9911942528
interesting,17.9311471317
average,17.8292259752
start,17.710237939
level,17.7072002315
advancements,17.6265517885
launch,17.6056424209
impact,17.5988768301
faurecia,17.4448013517
cart,17.4358173491
adesaauction,17.4223716802
have,17.4178197264
public,17.4162104222
story,17.3060950808
full,17.2029522757
people,17.1755316832
gamecha‚Ä¶,17.1039858249
gaganagrawal,17.1039858249
agrawalsunshine,17.1039858249
changes,17.0848808507
make,17.0076659357
2020,17.0073341809
ai100,16.9084004397
feels,16.7636456929
fields,16.5163688708
experience,16.4507063813
first,16.4179460167
today,16.409807838
following,16.2666312875
cameras,16.2029522757
seat,16.079586551
beat,15.9652795541
gta,15.906385865
spinning,15.6860080184
altogether,15.6860080184
massively,15.6860080184
londonassembly,15.6860080184
future‚Äôs,15.6860080184
bright,15.6860080184
featuring,15.6860080184
insufficiently,15.6860080184
dinosaur,15.6860080184
led,15.6860080184
meantime,15.6860080184
prepare,15.6860080184
\m/,15.6860080184
csforall,15.6860080184
rouge,15.6860080184
excitement,15.6860080184
office,15.6860080184
djketu786,15.6860080184
ketan,15.6860080184
headlights,15.6860080184
flash,15.6860080184
artbychey,15.6860080184
arko,15.6860080184
106,15.6860080184
call,15.6860080184
playnerve,15.6860080184
logging,15.6860080184
realhackers,15.6860080184
piloted,15.6860080184
dick,15.6860080184
facing,15.6860080184
raft,15.6860080184
chimera,15.6860080184
beginning,15.6860080184
distributed,15.6860080184
bored,15.6860080184
drivingmatters,15.6860080184
buster,15.6860080184
francesogrady,15.6860080184
each,15.6860080184
rampage,15.6860080184
everest,15.6860080184
channelüé®,15.6860080184
dump,15.6860080184
ramped,15.6860080184
skydive,15.6860080184
deals,15.6860080184
spelunk,15.6860080184
earlyadopter,15.6860080184
shippable,15.6860080184
mishaps,15.6860080184
pcmag,15.6860080184
udacity,15.6450174095
accepted,15.4768194642
driven,15.4448573056
already,15.3576803181
fordtrends,15.3464438693
news,15.3122571659
africa,15.2936905956
fully,15.2568910828
india,15.1070237337
begin,15.043060675
ahead,14.9732723448
gmt71_01,14.9340608235
said,14.920965949
saw,14.8644381639
carts,14.8554996194
musk,14.8439893279
left,14.746877993
life-saving,14.6860080184
irresp‚Ä¶,14.6860080184
covisint,14.6860080184
iceberg,14.6860080184
d_mkhitaryan,14.6860080184
dekho,14.6860080184
'what,14.6860080184
quest,14.6860080184
mbly,14.6860080184
irresponsable,14.6860080184
naturally,14.6860080184
primarysensor,14.6860080184
northstlcounty,14.6860080184
intersil,14.6860080184
blinkers,14.6860080184
cars‚Äù,14.6860080184
greed,14.6860080184
garyshapiro,14.6860080184
businessinnovation,14.6860080184
party,14.6860080184
fate,14.6860080184
additional,14.6860080184
101,14.6860080184
purchase,14.6860080184
acoustic,14.6860080184
ditch,14.6860080184
periscope,14.6860080184
'primary,14.6860080184
craftonwax,14.6860080184
renesas,14.6860080184
baar,14.6860080184
individual,14.6860080184
dat,14.6860080184
googlemaps,14.6860080184
autownews,14.6860080184
greatest,14.6860080184
icy,14.6860080184
dariya,14.6860080184
short,14.6860080184
letgarydebate,14.6860080184
dramatically,14.6860080184
perktutor,14.6860080184
quake,14.6860080184
phrases,14.6860080184
focus,14.5502420548
electriccars,14.4364135662
around,14.3718306264
pancreas,14.1010455177
responsible,14.1010455177
child,14.1010455177
chrismessina,14.1010455177
aquafadas,14.1010455177
luck,14.1010455177
phenom,14.1010455177
depart,14.1010455177
propose,14.1010455177
preparing,14.1010455177
primarily,14.1010455177
biker,14.1010455177
diabetes,14.1010455177
cwdiabetes,14.1010455177
donotinnovate,14.1010455177
accepts,14.1010455177
diligence,14.1010455177
vegas,14.1010455177
hottest,14.1010455177
melaga,14.1010455177
cooks,14.1010455177
identity,14.1010455177
nigeria,14.1010455177
seeing,14.1010455177
hblodget,14.1010455177
recognizes,14.1010455177
okada,14.1010455177
search,14.1010455177
destination,14.1010455177
eggs,14.1010455177
most,14.1010455177
remove,14.1010455177
literary,14.1010455177
mention,14.1010455177
alexshapiropr,14.1010455177
jean-paul,14.1010455177
gadgets,14.1010455177
suri,14.1010455177
pernillet,14.1010455177
donations,14.1010455177
reduced,14.1010455177
hoodkore,14.1010455177
esimoudis,14.1010455177
blurs,14.1010455177
bought,14.1010455177
respect,14.1010455177
soon,14.0786401876
picking,14.0019416877
life,13.9452219018
electriccar,13.9103447545
u.s.,13.8826697961
security,13.7134586522
connectedcar‚Äù,13.6860080184
nxp,13.6860080184
standupcomedy,13.6860080184
produced,13.6860080184
manchester,13.6860080184
unsignedartist,13.6860080184
navigate,13.6860080184
reger,13.6860080184
citylab,13.6860080184
ecofriendly,13.6860080184
blackjack..,13.6860080184
ip-based,13.6860080184
partners,13.6860080184
lgbtq,13.6860080184
meh,13.6860080184
industrie40,13.6860080184
depend,13.6860080184
die,13.6860080184
sensor,13.6860080184
bets,13.6860080184
considering,13.6860080184
everyday,13.6860080184
ensures,13.6860080184
hot100,13.6860080184
lars,13.6860080184
ele16,13.6860080184
phone,13.6860080184
emmys,13.6860080184
roundtable,13.6860080184
nissan,13.6860080184
lasvegas,13.6860080184
mundane,13.6860080184
miguelecabrera,13.6860080184
anywhere,13.6860080184
farmer,13.6860080184
mfg,13.6860080184
think,13.6311812106
key,13.6035458582
still,13.6030264727
debuts,13.6001171792
brighterideas,13.516083017
inside,13.4913483658
gamechanger,13.4892759808
business,13.4495254663
pickups,13.4207313218
four,13.3640799235
905wesa,13.3640799235
massholes,13.3640799235
lift,13.3640799235
michikokakutani,13.3640799235
10-15,13.3640799235
otto,13.3640799235
christianjmay,13.3640799235
festival,13.3640799235
selfdiscipline,13.3640799235
autonomes,13.3640799235
at‚Ä¶,13.3640799235
hrinfosphere,13.3640799235
pittsburghleft,13.3640799235
cityam,13.3640799235
esspgh,13.3640799235
earliest,13.3640799235
joins,13.3640799235
struggle,13.3640799235
rubbing,13.3640799235
mirror,13.3640799235
tomthunkitsmind,13.3640799235
preen,13.3640799235
partially,13.3640799235
netherlands,13.3640799235
nutsford,13.3640799235
glimpse,13.3640799235
rather,13.3640799235
nothing,13.3640799235
thefutureishere,13.3640799235
bbl,13.3640799235
really,13.1435496098
cab,13.1197895031
lock,13.1010455177
etc,13.1010455177
cow,13.1010455177
dilemma,13.1010455177
likely,13.1010455177
track,13.1010455177
communicates,13.1010455177
keynote,13.1010455177
kits,13.1010455177
msellebraten,13.1010455177
forbestech,13.1010455177
gives,12.9800508775
hacker,12.9720580867
domestication,12.8786530963
lol,12.8786530963
tallcathy,12.8786530963
unemployed,12.8786530963
offering,12.8786530963
jared,12.8786530963
dataismtech,12.8786530963
serious,12.8786530963
donot,12.8786530963
instead,12.8786530963
fords,12.8786530963
siliconhbo,12.8786530963
customers,12.7850956388
offbeat,12.7791174228
accelerating,12.7791174228
bbc_future,12.7791174228
town,12.7791174228
school,12.7791174228
dangerous,12.7667854005
buzz,12.7225338944
jmo,12.6860080184
inboundmarketing,12.6860080184
e-cars,12.6860080184
crigatuso,12.6860080184
carfreefrance,12.6860080184
producing,12.6860080184
army2016,12.6860080184
anyway,12.6860080184
friends,12.6860080184
credit,12.6860080184
buses,12.6860080184
biz,12.6860080184
20-minute,12.6860080184
bosch,12.6860080184
209091604,12.6860080184
humanity,12.6860080184
navigation,12.6860080184
dowhyolocom,12.6860080184
boring,12.6860080184
continental,12.6860080184
2019,12.6671543815
sebastian,12.516083017
ex-googler,12.516083017
nschobinger,12.516083017
stanford,12.516083017
nokia,12.516083017
2004,12.516083017
airplane,12.516083017
digitaltra‚Ä¶,12.516083017
allowing,12.516083017
keeps,12.3640799235
dare,12.3640799235
like‚Ä¶,12.3640799235
pilotless,12.3640799235
audio,12.3640799235
nvm,12.3640799235
errands,12.3640799235
steam,12.3640799235
happen,12.3640799235
fraud,12.3640799235
embracing,12.3640799235
ubercar,12.3640799235
since,12.3640799235
'car-to-x,12.3640799235
governments,12.3640799235
resembles,12.3640799235
incidentally,12.3640799235
afp,12.3640799235
jack,12.3640799235
1000,12.3640799235
communication,12.3640799235
1-star,12.3640799235
noncar,12.3640799235
disrupting,12.3640799235
extension,12.3640799235
heard,12.353132224
able,12.3068944628
10m,12.2936905956
hopefully,12.2936905956
race,12.2921609228
446,12.2265763998
devspinn,12.2265763998
idasg,12.2265763998
doesnt,12.2265763998
always,12.2195875898
ctiashows,12.1010455177
music,12.1010455177
2nd,12.1010455177
has,12.1010455177
massive,12.1010455177
chase,12.1010455177
adding,12.1010455177
mercedesbenz,12.1010455177
enhancement,12.1010455177
economic,12.1010455177
ckingdollar,12.1010455177
before,12.1010455177
"1,000",12.1010455177
forum,12.1010455177
debacle,12.1010455177
fold,12.1010455177
operational,12.1010455177
age,12.0897963411
capabilities,12.0079361133
convergence,11.9855683003
cdclink,11.9855683003
mdblanchfield,11.9855683003
machinelearning,11.957330801
and,11.9208854347
this,11.9087151862
2017,11.8786530963
american,11.8786530963
mean,11.8786530963
computer‚Ä¶,11.8786530963
closer,11.8319946066
mature,11.7791174228
doweneedthis,11.7791174228
datavisualization,11.7791174228
airliftcreative,11.7791174228
mind,11.7791174228
debuted,11.7791174228
dr‚Ä¶,11.7791174228
feelings,11.7791174228
dabuzzfeed,11.7684701786
machine,11.6860080184
breakthrough,11.6860080184
pedestrian,11.6860080184
pedestrains,11.6860080184
army,11.6860080184
electricvehicle,11.6860080184
autono‚Ä¶,11.6860080184
emergingtech,11.6860080184
conceptcar,11.6860080184
electric_genie,11.6860080184
fasinatung,11.6860080184
pedestriansafety,11.6860080184
filed‚Ä¶,11.6860080184
cost,11.6745123796
sebastianthrun,11.6229982209
go-around,11.5985451771
richardlschwart,11.5985451771
adasselfdriving,11.5567250014
cabs,11.5567250014
follows,11.5261366816
acceptance,11.516083017
expert,11.516083017
keep,11.516083017
september,11.516083017
light,11.516083017
bartjjj,11.4896108056
recode,11.4392674199
another,11.3843079136
rushing,11.3640799235
small,11.3640799235
carnegiemellon,11.3640799235
features,11.3640799235
rape,11.3640799235
anything,11.3196858041
launches,11.3059478746
chariot,11.2936905956
sharp,11.2874586419
semcon,11.2709705191
designed,11.2593016524
totally,11.2486027061
routes,11.2265763998
screen,11.2265763998
number,11.2265763998
cio,11.2265763998
pedgogical,11.2265763998
hills,11.2265763998
expanding,11.2265763998
self-delivering,11.2265763998
simply,11.2265763998
bridges,11.2265763998
applicants,11.2265763998
who,11.2190974606
mixed,11.1941549221
geek,11.1941549221
gaming,11.1624460623
anthonyianozi,11.1624460623
energyenviro,11.1624460623
dailymailuk,11.1624460623
fourways_sd,11.1624460623
geohot,11.1010455177
critics,11.1010455177
smartcities,11.1010455177
hop,11.1010455177
hometown,11.1010455177
delivery,11.1010455177
onboard,11.1010455177
comes,11.1010455177
headphonesoverhumans,11.1010455177
develops,11.1010455177
jalon323,11.1010455177
ear,11.1010455177
applemusic,11.1010455177
danger,11.1010455177
breaking,11.1010455177
arrives,11.1010455177
brian,11.1010455177
intimidating-looking,11.0421518286
programmed,11.0421518286
dandan4d,11.0421518286
starts,10.9950957865
consulting,10.9855683003
futureisnow,10.9855683003
edans,10.9855683003
caritotv,10.9855683003
combination,10.9855683003
engaging,10.9855683003
.now,10.9855683003
became,10.9855683003
arrives‚Ä¶‚Äù,10.9855683003
bbgmedia,10.9855683003
military,10.9717625007
beccimedhurst,10.9311205162
geekwire,10.9311205162
dangers,10.9311205162
pinealtech,10.9311205162
helpneeded,10.9311205162
doesn‚Äôt,10.9311205162
awareness,10.9311205162
atiku,10.9311205162
direction,10.9311205162
pleased,10.9311205162
cocoon_networks,10.9311205162
leap,10.9311205162
engineers,10.9111840335
investment,10.8786530963
net,10.8280270233
authorized,10.8280270233
intellos‚Ñ¢,10.8280270233
hardtech,10.8280270233
corporation,10.8280270233
securing‚Ä¶,10.8280270233
prweb,10.8280270233
ecosystem,10.8115389005
companies,10.8018202977
thats,10.7791174228
min,10.7791174228
excellent,10.7791174228
options,10.7791174228
other,10.7791174228
roger,10.731811708
friggin,10.731811708
eager,10.731811708
cluj,10.731811708
sales,10.731811708
uber_romania,10.731811708
strain,10.731811708
washingtonpost,10.731811708
terrifying,10.731811708
incorrect,10.731811708
lanctot,10.731811708
person,10.7087280949
ugv.isuals,10.6860080184
nycdeb8tr,10.6860080184
bumpy,10.6860080184
babysit,10.6860080184
refer,10.6860080184
rtomasfonseca,10.6860080184
cto,10.6860080184
krikorian,10.6860080184
desk,10.6860080184
manner,10.6860080184
braylennapier,10.6860080184
grocery,10.6860080184
anthony,10.6860080184
farm,10.6860080184
quality,10.6860080184
evelyn,10.6860080184
um_lab,10.6860080184
iotsafety,10.6860080184
realtimeinnov,10.6860080184
practices,10.6860080184
beta,10.6860080184
efficient,10.6860080184
drivelesscar,10.6860080184
aussie,10.6860080184
iotguide,10.6860080184
pet,10.6860080184
themselves,10.6860080184
raffi,10.6860080184
okdaisha,10.6860080184
practices‚Äù,10.6860080184
casey,10.6860080184
odd-ball,10.6860080184
guzman,10.6860080184
detroitnews,10.6860080184
own,10.6860080184
promise,10.6860080184
all,10.603831712
legs,10.5985451771
rival,10.5985451771
funnier,10.5985451771
mountainview,10.5985451771
pascal,10.5985451771
omnix_group,10.5985451771
equally,10.5985451771
museum,10.5985451771
arms,10.5985451771
capable,10.5985451771
comedic,10.5985451771
pissed,10.5985451771
bayarea,10.5985451771
name,10.5985451771
jokes,10.5985451771
bye,10.5985451771
computerhistory,10.5985451771
generations,10.5985451771
aayush_a6,10.5567250014
autobahn,10.5567250014
ericsson,10.5567250014
sparrho,10.5567250014
isaac,10.5567250014
18-wheelers,10.5567250014
ghostdriver,10.5567250014
jewish,10.5567250014
'hopes,10.5567250014
concerned,10.5567250014
mobilefirst,10.5567250014
allocates,10.5567250014
ottodrives,10.5567250014
macmembers,10.5567250014
thedisruptors,10.5567250014
tonight,10.5567250014
supporting,10.5567250014
bloombergquint,10.5567250014
nuro,10.5567250014
stayed,10.5567250014
alexandermats,10.5567250014
grandtheftauto,10.5567250014
career,10.5567250014
1-9,10.5567250014
aukendog,10.5567250014
aging,10.5567250014
pinboards,10.5567250014
louwassel,10.5567250014
augmentedreality,10.5567250014
google‚Ä¶,10.5567250014
lauren,10.5567250014
ericssonpress,10.5567250014
car‚Äôs,10.5567250014
programmer,10.5567250014
autoservice,10.5567250014
deployment,10.5567250014
ran,10.5567250014
for‚Ä¶,10.5567250014
fcc,10.5567250014
fremont,10.5567250014
nwaslibrary,10.5567250014
breaker,10.5567250014
hear,10.5567250014
love,10.516083017
autoworldbxl,10.516083017
brussels,10.516083017
mode,10.516083017
commission,10.516083017
show,10.516083017
20th,10.516083017
campus,10.516083017
12-2pm,10.516083017
fam,10.516083017
cleantechken,10.4765546528
glasgow,10.4765546528
frogs,10.4765546528
gobotix,10.4765546528
backlash,10.4765546528
gateway_trl,10.4765546528
bugs,10.4765546528
bwilloch,10.4765546528
disappearing,10.4765546528
excercise,10.4765546528
bimedotcom,10.4765546528
ccavgovuk,10.4765546528
cannibalization,10.4765546528
longer,10.4571893279
sees,10.4192214777
spreaker,10.4006057995
316,10.4006057995
moderation,10.4006057995
geogeek,10.4006057995
bizanalyticstt,10.4006057995
thingworx,10.4006057995
stronger,10.4006057995
edburnstt,10.4006057995
dta,10.4006057995
eshear,10.4006057995
nimbix,10.4006057995
defcon,10.4006057995
automated-like,10.4006057995
ios10,10.4006057995
ottopilot,10.4006057995
drive‚Ä¶,10.4006057995
par,10.4006057995
must,10.4006057995
thnx,10.4006057995
geoawesomeness,10.4006057995
algorithms,10.4006057995
stall,10.4006057995
note7,10.4006057995
toilets,10.4006057995
does,10.3640799235
tiny,10.3640799235
radar,10.3640799235
etherington,10.3461580155
tasks,10.2936905956
last,10.2766170823
exciting,10.2709705191
lab,10.2709705191
missions,10.2430645225
trusting,10.2265763998
trying,10.2265763998
corporations,10.2265763998
smartcity,10.2248517193
biuk_tech,10.2135202469
black,10.1941549221
secret,10.1941549221
lneckermann,10.1941549221
loved,10.1941549221
cym00n,10.1624460623
darpa,10.1624460623
follow1x1,10.1624460623
/via,10.1624460623
entrepreneurs,10.1624460623
awesomecast,10.1375713937
listen,10.1010455177
computing,10.1010455177
alive,10.1010455177
our,10.1010455177
towards,10.0421518286
comma.ai,10.0344986615
kvazistat,10.0135826764
leave,10.0135826764
input,10.0135826764
concerning,10.0135826764
et‚Ä¶,10.0135826764
dies,10.0135826764
language,10.0135826764
marytoves,10.0135826764
kromberged,10.0135826764
handled,10.0135826764
eth‚Ä¶,10.0135826764
languagestructure,10.0135826764
current,9.98556830025
somewhere,9.97176250073
driveme,9.97176250073
infographic,9.97176250073
somehow,9.97176250073
carsdotcom,9.97176250073
happening,9.93367341137
someone,9.93112051623
car‚Ä¶,9.93112051623
"2,400",9.93112051623
bi_india,9.93112051623
raise,9.93112051623
_omarchoudhry,9.93112051623
busi‚Ä¶,9.93112051623
gp_pulipaka,9.93112051623
3d-printed,9.93112051623
mehdi_e,9.93112051623
asirobots,9.90464830487
magazine,9.87222682718
applications,9.82802702327
info,9.82802702327
covers,9.81564329881
bcolwell_alt,9.8109084897
artificial,9.8109084897
4ir,9.8109084897
bcolwell_4ir,9.8109084897
bcolwell_invest,9.8109084897
briandcolwell,9.8109084897
risk,9.77911742278
force,9.73181170801
till,9.73181170801
known,9.73181170801
front,9.72517861567
wondering,9.68600801839
readwrite,9.68600801839
here.better,9.68600801839
inc,9.68600801839
super,9.68600801839
low,9.68600801839
2have,9.68600801839
distracted,9.68600801839
king5tracyt,9.68600801839
subhashnair,9.64161389903
cover,9.6019437536
gpus,9.59854517714
90s,9.59854517714
lifetime,9.59854517714
joe,9.59854517714
driverlesslau,9.55672500145
forces,9.55672500145
bottom,9.55672500145
shares,9.55672500145
mikequindazzi,9.55672500145
wonder,9.55672500145
over,9.55672500145
eliminate,9.4571893279
exactly,9.4286201757
podcast,9.40060579953
talk,9.40060579953
semi-autonomous,9.40060579953
bumblingusa,9.38680000001
engadget,9.38483848367
self-drive,9.36407992351
shots,9.36407992351
million,9.34615801551
quite,9.33433258011
digital,9.32803670723
2030,9.29369059561
fatality,9.29369059561
crap,9.27097051911
free,9.25398729742
showing,9.22657639976
thought,9.22657639976
09-17,9.16244606234
matthew,9.16244606234
debord,9.16244606234
biuk_finance,9.16244606234
topiclyav,9.16244606234
insider‚Ä¶,9.16244606234
listofvehicles,9.16244606234
dod,9.16244606234
channel,9.16244606234
action‚Äù,9.16244606234
alexwitzleben,9.16244606234
insidertesla,9.16244606234
560,9.16244606234
gretechnologies,9.16244606234
iotnewsletter,9.16244606234
comfort,9.16244606234
vehicles,9.15769691598
automobile,9.15168701489
android,9.1375713937
high,9.10104551767
network,9.10104551767
living,9.10104551767
stores,9.10104551767
fight,9.06291038878
foreign,9.01358267642
per,8.99252106089
creates,8.98556830025
luxury,8.98556830025
maps,8.98556830025
programming,8.97176250073
leadership,8.97176250073
bidu,8.97176250073
milestone,8.97176250073
theteslachannel,8.940053641
039,8.93112051623
brought,8.91782369362
fouwehand,8.91782369362
bunkered,8.91782369362
aadeshgoyal,8.91782369362
deserves,8.91782369362
disruptivels,8.91782369362
1ptz,8.91782369362
grantimahara,8.91782369362
imts_2016,8.91782369362
cspanwj,8.91782369362
doingchinabiz,8.91782369362
disruptive,8.91782369362
defies,8.91782369362
including,8.91782369362
infrastructure,8.91782369362
booming,8.91782369362
dailyspark,8.91782369362
arzillion,8.91782369362
cdelancray,8.91782369362
hats,8.91782369362
differences,8.91782369362
'bumping,8.91782369362
engine,8.91782369362
far,8.91782369362
framework,8.91782369362
drivepx2,8.91782369362
1960,8.898105459
access,8.89159215204
helps,8.81564329881
are,8.77389425982
combat,8.75527068083
money,8.74937007939
travel,8.73181170801
intelligent,8.68600801839
umich,8.68600801839
locals,8.68600801839
favour,8.68600801839
developed,8.68600801839
v√≠a,8.68600801839
drones,8.66364020536
effort,8.66364020536
gta5,8.65478928778
job,8.60919242134
entire,8.59854517714
tracking,8.57748356161
cars‚Ä¶,8.57748356161
newmobilitycons,8.57748356161
letting,8.51608301695
center,8.51608301695
r2drones,8.50609892838
head,8.50278619434
food,8.48633567356
losing,8.4286201757
riding,8.36407992351
engineering,8.34615801551
mobility,8.31677420873
dubai,8.27661708226
bit,8.24532038523
open,8.23479690656
selfdr‚Ä¶,8.23479690656
technologies,8.22657639976
death,8.20622775436
displacement,8.18616213131
feeling,8.18616213131
apples,8.18616213131
instal,8.18616213131
fabian,8.18616213131
goodluck,8.18616213131
cheapascanbe,8.18616213131
get_dismissed,8.18616213131
agents,8.18616213131
dange‚Ä¶,8.18616213131
ikea,8.18616213131
elevator,8.18616213131
iphones,8.18616213131
horizontal,8.18616213131
interventions,8.18616213131
fabianl‚Ä¶,8.18616213131
biuk,8.18616213131
bureaucracy,8.18616213131
aus,8.18616213131
growing,8.18616213131
grow,8.18616213131
african,8.18616213131
hagen,8.18616213131
latimes,8.18616213131
calling,8.18616213131
gsvpioneer,8.18616213131
henry,8.18616213131
jumping,8.18616213131
fantasy,8.18616213131
enterprise,8.18616213131
cycle,8.18616213131
ladda,8.18616213131
incumbents,8.18616213131
esthizipori,8.18616213131
discoverjvz,8.18616213131
except,8.18616213131
knkxfm,8.18616213131
aridpt,8.18616213131
libertybridge,8.18616213131
jrichlive,8.18616213131
fulfilling,8.18616213131
clever,8.18616213131
getdismised,8.18616213131
war,8.16244606234
begins,8.16244606234
insights,8.15462655788
used,8.11615241006
getting,8.10446121967
wont,8.10104551767
month,8.07867770464
interior,8.07068491389
sanfrancisco,8.01358267642
study,7.98556830025
advanced,7.98556830025
with,7.97176250073
firms,7.97176250073
driverlesstrans,7.97176250073
pilot,7.97176250073
explains,7.91782369362
busy,7.91782369362
animate,7.91782369362
farmers,7.91782369362
flat,7.91782369362
falling,7.898105459
cybersecurity,7.87865309634
it‚Äôs,7.86423403642
iphone,7.81564329881
theft,7.77911742278
else,7.77112463203
dont,7.77112463203
spectrum,7.74937007939
goog,7.74937007939
kamaz,7.71638166744
mit,7.69165458153
software,7.63615946894
georgehotz,7.59589559873
files,7.59589559873
truly,7.59325087747
tell,7.59325087747
taste,7.59325087747
tech‚Ä¶,7.57748356161
unmannedworld,7.57748356161
working,7.56361138703
partner,7.56188670656
ansiblemotion,7.49125116397
abandons,7.49125116397
autolivinc,7.49125116397
all-electric,7.49125116397
aiming,7.49125116397
3dincites,7.49125116397
allprofleetaz,7.49125116397
2045,7.49125116397
agritech,7.49125116397
autodrive,7.49125116397
auroraworldview,7.49125116397
7/25,7.49125116397
fabianladda,7.44919653714
legal,7.44919653714
roads,7.4286201757
semi,7.40988361312
started,7.40060579953
smartcar,7.38680000001
3dprinting,7.33286119289
asis2016,7.33286119289
johnkoetsier,7.25869517426
bubble,7.18616213131
brown,7.18616213131
cnnmoney,7.18616213131
doc,7.18616213131
fatal,7.18616213131
enterprises,7.18616213131
brisbane,7.18616213131
3novices,7.18616213131
rides,7.10104551767
tsla,6.96980098439
dream,6.91782369362
gregoryhjames,6.91782369362
accelerates,6.90628866325
say,6.87865309634
john,6.86423403642
find,6.85628528331
toyota,6.84051796745
train,6.8249211124
button,6.75674960976
robots,6.75449912191
-via,6.68600801839
george,6.65810202182
internet,6.60119963059
bi_transport,6.60119963059
crowdedhead,6.60119963059
greenerdriving,6.60119963059
mobileye,6.59854517714
without,6.59854517714
bigdata,6.59325087747
double,6.51608301695
autoliv,6.49125116397
affected,6.49125116397
automotive_news,6.49125116397
tractors,6.43808050495
tcdisrupt,6.40060579953
they,6.38680000001
retweeted,6.35509114028
mobile,6.27661708226
emergency,6.21738397547
controlled,6.18616213131
cnn,6.18616213131
smartmobility,6.16244606234
transport,6.13911355851
top,6.09729338281
100,6.03557168019
bring,5.92445678595
according,5.90628866325
author,5.90628866325
dr.,5.86423403642
again,5.86423403642
futureofmobility,5.86423403642
economy,5.74789869217
would,5.73472330343
ubers,5.73181170801
bitcoin,5.60119963059
riders,5.59325087747
breaks,5.28512858211
better,5.26762829903
tech,5.26642745168
insurtech,5.09869929006
details,5.05665139831
add-on,5.043792187
era,5.01623712987
moving,4.97176250073
why,4.95299269671
culture,4.91874313475
world,4.83425897698
win,4.7030144437
cars‚ñ∫,4.70043971814
4.1,4.68389624191
driverless,4.31712111125
test,4.29208134275
vehicle,4.17722285633
uber‚Äôs,4.01756619034
arriving,3.80735492206
appropriate,3.72673051267
art,3.72673051267
berkleybikes,3.72673051267
hail,3.66260017525
autonomousdriving,3.63303727851
invest,3.51457317283
drunken,3.48572241317
arguments,3.40378832272
conference,3.39231742278
camera,3.21152692907
ugv,3.17376137556
uber,3.1176334504
birdpoop,3.0
debut,2.91383385665
elizabeth_joh,2.80735492206
decide,2.70459363724
reasons,2.61555160245
happened,2.58496250072
alexroy144,2.53705485358
+20,2.53705485358
alex,2.53705485358
augmented,2.45943161864
apparently,2.32192809489
driving,2.20977142106
humans,2.1911524339
after,2.03181954533
hitting,2.00983054156
came,2.0
cheat,2.0
flaw,2.0
put,1.745969771
dmv,1.66043585092
ban,1.58496250072
creativity,1.58496250072
camping,1.41503749928
folding,1.41503749928
shovel,1.41503749928
tesla,1.31558508928
aboard,1.22239242134
many,1.0
adavies47,1.0
datastorage,1.0
olli,1.0
naysayers,1.0
freshdialogues,1.0
heats,0.917537839808
googlecar,0.795100005015
driverless‚Ä¶,0.793549122533
goes,0.777607578664
hours,0.734951019477
attending,0.637429920615
assist,0.584962500721
cdixon,0.471621027645
country,0.415037499279
boat,0.415037499279
exist,0.415037499279
google‚Äôs,0.263034405834
attention,0.222392421336
one,0.218640286475
expected,0.154943400699
electronics,0.0489096004809
digitaltrends,0.0
sputter,0.0
zipcar,0.0
wjxt,0.0
uoft,0.0
appropriation,0.0
caddiesautonomes,0.0
bringing,0.0
selfd‚Ä¶,0.0
wednesday,0.0
debuting,0.0
straight,0.0
specially,0.0
feasibility,0.0
second,0.0
svairesearch,0.0
shrugging,0.0
pittsburghers,0.0
fossil,0.0
designing,0.0
replaced,0.0
personalinjurylawyer,0.0
reporter,0.0
reported,0.0
reports,0.0
‚Äúpittsburgh,0.0
explained,0.0
cyber-islam,0.0
2025ad,0.0
unit,0.0
strike,0.0
‚Äúbest,0.0
successful,0.0
brings,0.0
yahoo,0.0
hurt,0.0
hold,0.0
sketchapp,0.0
locked,0.0
conversationsmatter,0.0
thelaunch,0.0
199‚Ä¶,0.0
ltucci,0.0
wang,0.0
writerslife,0.0
household,0.0
want,0.0
hog,0.0
hod,0.0
drying,0.0
hot,0.0
car-mounted,0.0
themoderateman,0.0
dinosaurs,0.0
wrong,0.0
quips,0.0
extortion,0.0
types,0.0
effective,0.0
helsinki,0.0
mid-autumn,0.0
ruthhill74,0.0
'rethinking,0.0
nonsensical,0.0
drivetech,0.0
uber-cool,0.0
feedback,0.0
jdclassic,0.0
rewarded,0.0
dreamer,0.0
matures,0.0
salenazito,0.0
selfdrivingcommunication,0.0
getparkplus,0.0
easier,0.0
pontificating,0.0
s90‚Ä¶,0.0
effects,0.0
vonniequinn,0.0
series,0.0
jarringly,0.0
laboratory,0.0
sdcc,0.0
whip,0.0
self-,0.0
trending,0.0
surveys,0.0
assures,0.0
sensors,0.0
atc,0.0
robotpushmybuttons,0.0
silicon,0.0
'trust,0.0
levels,0.0
atx,0.0
duquesne,0.0
traction,0.0
selfdriving‚Ä¶,0.0
gautranguillaum,0.0
sec2sv,0.0
master,0.0
w/donald,0.0
collapse,0.0
mckinsey,0.0
modiministry,0.0
africahave,0.0
project,0.0
trex,0.0
friend,0.0
untrained,0.0
mrrobot,0.0
dozen,0.0
newsfusionapps,0.0
doors,0.0
layoffs,0.0
thrilled,0.0
huh,0.0
wells,0.0
victoria,0.0
mouth,0.0
released,0.0
cams,0.0
correctly‚Äù,0.0
internetofthings,0.0
bomb,0.0
rediscovers,0.0
1541,0.0
headline,0.0
edtech,0.0
randizuckerberg,0.0
scgc,0.0
‚Äúimmediate,0.0
intveh,0.0
reversal,0.0
rugged,0.0
smartcityforum,0.0
omgrobots,0.0
release,0.0
respond,0.0
disaster,0.0
jessicadesa,0.0
sedans,0.0
ambitions,0.0
lots,0.0
delphi,0.0
men,0.0
nature,0.0
rolled,0.0
toddctv,0.0
patented,0.0
accident,0.0
pitt,0.0
wipeout,0.0
asked,0.0
johndeere,0.0
vishalmrpscam,0.0
criticised,0.0
worked,0.0
spin,0.0
‚Äúwho,0.0
weirdness,0.0
hong,0.0
etribune,0.0
things,0.0
selfdrivngcar,0.0
fairly,0.0
workforce,0.0
ownership,0.0
tune,0.0
technicolor,0.0
titus_k,0.0
ctia,0.0
ideal,0.0
prison,0.0
theeconomist,0.0
gridlock,0.0
natsfoty1,0.0
rasushrestha,0.0
themotleyfool,0.0
misled,0.0
steps,0.0
dindustryemag,0.0
old,0.0
crowd,0.0
billboard,0.0
connectedcar‚Ä¶,0.0
fox,0.0
traffic/pollution,0.0
nosurprises,0.0
shifting,0.0
manufacturing,0.0
dollars,0.0
bentossell,0.0
extremetech,0.0
stoked,0.0
pivotfast,0.0
estonishment,0.0
wral,0.0
dyson,0.0
professors/research,0.0
son,0.0
raises,0.0
sow,0.0
carcenter,0.0
support,0.0
raped,0.0
jane,0.0
launching,0.0
cyberd_b,0.0
they‚Äôre,0.0
wa‚Ä¶,0.0
corner‚Äîin,0.0
pricing,0.0
steady,0.0
amit_children,0.0
w/them,0.0
wayofthefuture,0.0
texazzpete,0.0
role,0.0
ambitious,0.0
developers,0.0
smell,0.0
thisjustin,0.0
models,0.0
rolling,0.0
oilandenergy,0.0
artificialintelli‚Ä¶,0.0
time,0.0
semieurope,0.0
chain,0.0
oversight,0.0
jerk,0.0
exact,0.0
2moroisalmosthere,0.0
lex_nicolas,0.0
solved,0.0
rideshare,0.0
openrollpodcast,0.0
mitchellrepair,0.0
prevent,0.0
skycar_jack,0.0
sign,0.0
slefdrivingcars,0.0
keithnaughton,0.0
digitalization,0.0
understanding,0.0
jeremyfgrace,0.0
address,0.0
raykurzweil,0.0
along,0.0
passengers,0.0
brilliant,0.0
impacted,0.0
globedrive,0.0
studies,0.0
prefer,0.0
ipo,0.0
positive,0.0
predictions,0.0
nkulw,0.0
come-in,0.0
annually.‚Äù,0.0
srco,0.0
refrain,0.0
everywhere,0.0
drivespark,0.0
autonomousca‚Ä¶,0.0
unveiled,0.0
offense,0.0
monitoring,0.0
silos,0.0
future‚Ä¶,0.0
explores,0.0
spot,0.0
revealeu,0.0
date,0.0
suck,0.0
stress,0.0
sectors,0.0
simon_obyrne,0.0
wheelchair,0.0
truck,0.0
pulled,0.0
phemonoelab,0.0
flips,0.0
years,0.0
pitchbook,0.0
markfields,0.0
lacincubator,0.0
sullycnbc,0.0
johnrobb,0.0
smarter,0.0
episode-,0.0
subscribers,0.0
financialpost,0.0
matched,0.0
didi,0.0
gtav,0.0
entering,0.0
brags,0.0
abide,0.0
seriously,0.0
scoopwhoopnews,0.0
abundancehub,0.0
rickking16,0.0
quits,0.0
seventy,0.0
chevy,0.0
gineersnow,0.0
saving,0.0
kvue,0.0
submit,0.0
vote,0.0
fmx,0.0
mtbs,0.0
today‚Äôs,0.0
selfiedrivingcar,0.0
mikejgr,0.0
representing,0.0
physorg_com,0.0
entrepreneurship‚Ä¶,0.0
future..,0.0
shakeup,0.0
prospect,0.0
sai,0.0
san,0.0
sap,0.0
note,0.0
intends,0.0
georgenapolitano,0.0
opposite,0.0
buffer,0.0
knew,0.0
sale,0.0
stanfordeng,0.0
ways,0.0
transit2203,0.0
laws,0.0
aiworldexpo,0.0
generalmotorscorporation,0.0
aggressive,0.0
selfdrivingvehicles,0.0
slow,0.0
robs,0.0
prime,0.0
next‚Ä¶,0.0
hinges,0.0
borrow,0.0
worried,0.0
where,0.0
vision,0.0
phronesis_inc,0.0
neuronme,0.0
x28,0.0
‚Äòterrorist,0.0
teens,0.0
welcomes,0.0
gregchase,0.0
markus_rossmann,0.0
volvos,0.0
aaronharber,0.0
malliardreport,0.0
yearly,0.0
insurancetechit,0.0
gobizlouis,0.0
comeback,0.0
considers,0.0
math,0.0
airliner,0.0
prototype,0.0
vehicleinnovation,0.0
wants,0.0
quanergy,0.0
enable,0.0
lanes,0.0
-mashable,0.0
photos,0.0
drueriksson,0.0
blau,0.0
asmsg,0.0
spooked,0.0
shuts,0.0
9news,0.0
surveillance,0.0
mobilesensors,0.0
singapore,0.0
rfid,0.0
cheers,0.0
wired,0.0
escorts,0.0
trains,0.0
summer,0.0
being,0.0
rest,0.0
weekly,0.0
kerala,0.0
hometownpride,0.0
easymile,0.0
aspects,0.0
iotlaw,0.0
roadsigns,0.0
traffic,0.0
volvocarsglobal‚Äôs,0.0
dilbert,0.0
lebanon,0.0
360¬∞,0.0
nvda,0.0
patrick_henz,0.0
thinks,0.0
topgear_bbca,0.0
gregbensinger,0.0
noon,0.0
ethicsintegrity,0.0
exit,0.0
think-,0.0
power,0.0
internship,0.0
aitrends,0.0
thailand,0.0
stone,0.0
swarms,0.0
favorite,0.0
theweek,0.0
smilingcar,0.0
uberfreight,0.0
apologize,0.0
pivot,0.0
hed,0.0
postdigitalculture,0.0
venturebeat,0.0
you‚Ä¶,0.0
buying,0.0
rush,0.0
rage,0.0
auronomouscars,0.0
driver‚Äôs,0.0
unveils,0.0
trips,0.0
gone,0.0
cnbc,0.0
certain,0.0
cyber-muslim,0.0
futurehuntco,0.0
watched,0.0
auto-targeting,0.0
uber/,0.0
tight,0.0
pgdanielmoore,0.0
motorcyclists,0.0
"2,700",0.0
steelcity,0.0
selfcare,0.0
cliff117,0.0
japantimes,0.0
uberx,0.0
passed,0.0
original,0.0
sharekarle,0.0
beware,0.0
autonomusfuture,0.0
smile,0.0
techrepublic,0.0
calif.,0.0
swallows,0.0
automechanica,0.0
existing,0.0
sans,0.0
large,0.0
redlights,0.0
past,0.0
displays,0.0
pass,0.0
news_8,0.0
uberchopper,0.0
scientists,0.0
giuliapaganoni,0.0
futureshock,0.0
showrooms,0.0
4real,0.0
sweenzor,0.0
via,0.0
vid,0.0
phonebots,0.0
tomtom,0.0
select,0.0
danielvakili,0.0
tested,0.0
science,0.0
installing,0.0
18havas,0.0
nutonony,0.0
beautiful,0.0
autoinsurance,0.0
states,0.0
fundamenta,0.0
sense,0.0
imminent,0.0
quicktruck,0.0
supershuttle,0.0
scifi,0.0
burgh,0.0
mapping,0.0
acquisitions,0.0
register,0.0
trade,0.0
yandex,0.0
signs,0.0
smiling,0.0
whatcouldpossiblygowrong,0.0
rapidly,0.0
retro-fit,0.0
pointcloud,0.0
colleague,0.0
it-,0.0
chinese-,0.0
denny,0.0
whatif,0.0
teamhustle,0.0
th_robertscott,0.0
1am,0.0
found,0.0
cfcmedialab,0.0
england,0.0
accelerator,0.0
sinemetcndrella,0.0
reduce,0.0
measurement,0.0
missed,0.0
'looking,0.0
highway,0.0
equipped,0.0
evs,0.0
unmanned,0.0
ft.,0.0
hyderabad,0.0
major,0.0
protectionist,0.0
heads,0.0
jet,0.0
hustonca,0.0
gregcott,0.0
relationship,0.0
usergeneratedvideo,0.0
wsbtv,0.0
mcfly,0.0
üöòüöòüöò,0.0
carnews,0.0
pre-announces,0.0
taxis,0.0
mbrainfr,0.0
sell,0.0
accepting,0.0
revolutionary,0.0
sometimes,0.0
revolution.,0.0
tusexpo,0.0
ugc,0.0
jeffdanielsca,0.0
nasdaq,0.0
munichre,0.0
freight,0.0
with‚Ä¶,0.0
failed,0.0
shoppingcarts,0.0
reporters,0.0
lowa84,0.0
teams,0.0
banking,0.0
selfdrive,0.0
coors,0.0
swaaanson,0.0
approaching,0.0
set,0.0
potent,0.0
sex,0.0
sec,0.0
sea,0.0
sips,0.0
currently,0.0
pickup,0.0
halfway,0.0
valuewalk,0.0
respondents,0.0
prospects,0.0
tractopart1,0.0
improves,0.0
gogreen,0.0
whole,0.0
faraday,0.0
stemnext,0.0
sdcathcart,0.0
boozallen,0.0
tensorflow,0.0
wheeler,0.0
mine,0.0
lincoln_iam1,0.0
judicial,0.0
reliable,0.0
üëçüëçüëç,0.0
eecsatmi,0.0
hoping,0.0
motors,0.0
kills,0.0
wordpressdotcom,0.0
strtup09,0.0
designtools,0.0
2035,0.0
self-dr,0.0
walmart,0.0
leaps,0.0
recent,0.0
profeng,0.0
onlinemedia,0.0
picks,0.0
project-,0.0
whereskr,0.0
roberto_ranz,0.0
glitches,0.0
signals,0.0
sydney,0.0
jtrullols1028,0.0
ibmwatson|,0.0
australia,0.0
yields,0.0
1320,0.0
tailgateparty‚Ä¶,0.0
senate,0.0
palo,0.0
idkhowifeel,0.0
cityofboston,0.0
stephenking,0.0
investopedia,0.0
heinzhistorycenter,0.0
theemarz,0.0
‚ùì‚ùî‚ùì,0.0
dashcam,0.0
daimler,0.0
melbourne,0.0
aiinasia,0.0
canning,0.0
1gb,0.0
palm-sized,0.0
roboticstrends,0.0
doubters,0.0
dymola,0.0
foxaustin,0.0
hntweets,0.0
ladylakemusic,0.0
getaround,0.0
atifatif,0.0
opens,0.0
atlantic,0.0
line,0.0
robotcars,0.0
jo_mbarga,0.0
cia,0.0
verification,0.0
happyhour,0.0
start-up,0.0
unsafe,0.0
chat,0.0
pre-widespread,0.0
mybargain,0.0
mapoli,0.0
preventing,0.0
audreyandray,0.0
scraps,0.0
frogger,0.0
elements,0.0
planetacterra,0.0
land,0.0
carrying,0.0
.ugv,0.0
hello,0.0
code,0.0
laziness,0.0
results,0.0
stops,0.0
4mums,0.0
send,0.0
resources,0.0
continues,0.0
wipe,0.0
‚Äúcould,0.0
ecpeixoto,0.0
try,0.0
bridget_burdett,0.0
wbrjln,0.0
logistics,0.0
russellmanthy,0.0
video,0.0
licenses,0.0
limits=legacy,0.0
consistently,0.0
asis16,0.0
forddrivegreen,0.0
leo,0.0
licence,0.0
ubuntu,0.0
invented,0.0
involved,0.0
.robocop,0.0
opinion,0.0
residents,0.0
maker,0.0
involves,0.0
starship,0.0
sgp,0.0
siri,0.0
buyoneformydaughter,0.0
cbre,0.0
projectt‚Ä¶,0.0
illegal,0.0
doubt,0.0
auton‚Ä¶,0.0
beantown,0.0
baby,0.0
freerides,0.0
mcuban,0.0
when,0.0
vehicl‚Ä¶,0.0
benz,0.0
rode,0.0
loco,0.0
hothardware,0.0
petersagal,0.0
imaginecareer,0.0
npr,0.0
realized,0.0
ieeeusa,0.0
'driverless,0.0
insider..,0.0
comma,0.0
thoheller,0.0
perfect,0.0
degrees,0.0
2018,0.0
2015,0.0
2011,0.0
seatbelt,0.0
pittsburgh‚Äîthis,0.0
kenrainvestors,0.0
johnelwaychevy,0.0
technology‚Ä¶,0.0
truth,0.0
shortage,0.0
dnrevel,0.0
fr_newbrough,0.0
agriculture,0.0
wander,0.0
witness,0.0
geberconsulting,0.0
flyeagle‚Ä¶,0.0
bostonchamber,0.0
hammerson,0.0
m2m,0.0
burke,0.0
shut,0.0
tempe,0.0
regulators,0.0
surely,0.0
regulatory,0.0
steering,0.0
scary,0.0
livingrooms,0.0
networkeffects,0.0
elsevier_eng,0.0
scene,0.0
-our,0.0
transport_gc,0.0
owner,0.0
nyse,0.0
stars,0.0
grandpa,0.0
mikeisaac,0.0
steel,0.0
a-hole,0.0
securitycharli‚Ä¶,0.0
briefing,0.0
wes_guckert,0.0
steer,0.0
result,0.0
theinvestorbusi,0.0
lines,0.0
ruudhendrikstv,0.0
partnership,0.0
'crash,0.0
baidumobile,0.0
|near,0.0
roadsafety,0.0
studying,0.0
takining,0.0
soar,0.0
worldwide,0.0
humansare,0.0
device,0.0
rhnilsson,0.0
waithash,0.0
‚Äútech,0.0
leifssonelvar,0.0
putcosa,0.0
mapping‚Ä¶,0.0
allenscottoshi,0.0
rac_breakdowneu,0.0
techstoryin,0.0
bendlerblogger,0.0
connective,0.0
economist,0.0
ugm2016,0.0
decade,0.0
theinclinepgh,0.0
should,0.0
jam,0.0
tape,0.0
todaypittsburgh,0.0
insight,0.0
masshole,0.0
lucky,0.0
taxes,0.0
stuff,0.0
signmeup,0.0
innovator,0.0
lyon,0.0
taggart,0.0
intuggb,0.0
pioneersummit,0.0
teamericsson,0.0
email,0.0
ends,0.0
marty,0.0
stanleysecurity,0.0
sdtd,0.0
etf,0.0
sharidoherty,0.0
winning,0.0
powered,0.0
utilizing,0.0
liposuction,0.0
drive.ai,0.0
rogerduboiscbc,0.0
graphics,0.0
ecomrecruitment,0.0
madisonkayltd,0.0
datafloq,0.0
sjws,0.0
will‚Ä¶,0.0
surprisingly,0.0
hardware,0.0
optimistic,0.0
pldt_alpha,0.0
trend_slam,0.0
lsilverwoman,0.0
paving,0.0
robotic,0.0
expand,0.0
guidaautonoma,0.0
off,0.0
authorshailesh,0.0
less,0.0
rooms,0.0
pavitservices,0.0
paul,0.0
glue,0.0
wef,0.0
shh16,0.0
crack,0.0
government,0.0
yearofthinkingbig,0.0
increases,0.0
five,0.0
amendment,0.0
footage,0.0
literally,0.0
high-definition,0.0
therapists,0.0
loana,0.0
vs.,0.0
stage,0.0
sister,0.0
lifestyle,0.0
angeles,0.0
alliance,0.0
spots,0.0
ianbeckett,0.0
scott_wassmer,0.0
shoujaaakram,0.0
yrs,0.0
function,0.0
melissaleecnbc,0.0
'cozy,0.0
overlapping,0.0
fxmacro,0.0
construction,0.0
dgarrote,0.0
official,0.0
smooth,0.0
volvo,0.0
problem,0.0
postcapitalism,0.0
slowing,0.0
medibasket,0.0
awalkerinla,0.0
trials,0.0
lately,0.0
cityplanning,0.0
francisco,0.0
monday,0.0
chance,0.0
dolphins,0.0
autosens_,0.0
yikes,0.0
alexanderwear,0.0
uniwageningen,0.0
bike,0.0
slowest,0.0
worth,0.0
olivercameron,0.0
sandsquatch1,0.0
tickets,0.0
roadblock,0.0
announced,0.0
cmu,0.0
levels-,0.0
uber_support,0.0
machines,0.0
revolutionize,0.0
near,0.0
officially,0.0
told,0.0
skids-,0.0
startupnews101,0.0
slf,0.0
kudos,0.0
vogt,0.0
kmak_sa,0.0
secure,0.0
appescriba,0.0
updatedsystem,0.0
total,0.0
plot,0.0
sunlive,0.0
kostelecplan,0.0
tailgateparty,0.0
ploy,0.0
nutonomy,0.0
greggutfeld,0.0
word,0.0
1997,0.0
ucberkeley,0.0
work,0.0
cant,0.0
transparency,0.0
thenextpgh,0.0
noconsent,0.0
smvw16,0.0
uav,0.0
deep-learning,0.0
walsh,0.0
samsungsemius,0.0
verify,0.0
meetinnovation,0.0
‚Äòpushing,0.0
rewind,0.0
interview,0.0
classifying,0.0
self_driving,0.0
transforming,0.0
delphiauto,0.0
millimeter,0.0
openai,0.0
anritsuemea,0.0
hc_vehicles,0.0
.bradtem,0.0
greet,0.0
mari_ix,0.0
abcnews24,0.0
wbirnews,0.0
triggering,0.0
salon,0.0
pittsburghüëÄ,0.0
innovative,0.0
japan,0.0
mayor,0.0
jomason57,0.0
production,0.0
ihs,0.0
versus,0.0
them,0.0
bans,0.0
roadvikings,0.0
knxfrank,0.0
sack,0.0
ndew2016,0.0
tomkingnj,0.0
mjslaby,0.0
maximintegrated,0.0
373,0.0
kneels,0.0
crimes,0.0
cuffymeh,0.0
long-haul,0.0
athertonkd,0.0
barrier,0.0
standard,0.0
parclick,0.0
intel‚Ä¶,0.0
amulyanagaraj,0.0
crimewriter,0.0
2050,0.0
dennisheusser,0.0
techthursday,0.0
radars,0.0
geodata,0.0
toronto,0.0
minibus,0.0
draziraphale,0.0
optionality,0.0
hacking,0.0
powers,0.0
forced,0.0
explanation,0.0
ubertron,0.0
oems,0.0
onlyatudacity,0.0
involving,0.0
khol,0.0
investments,0.0
terrinakamura,0.0
karinasfonyc,0.0
enjoyed,0.0
owns/has,0.0
matslew,0.0
w/7,0.0
hrc,0.0
personality,0.0
desiblitz,0.0
scalable,0.0
eatmyhandbag,0.0
runs,0.0
iphoneupdate,0.0
covering,0.0
w/o,0.0
steal,0.0
groupekeolis,0.0
unmechanized,0.0
optimus,0.0
adient,0.0
colinpowell,0.0
applewatch,0.0
terms,0.0
packaged,0.0
sbalich,0.0
mdolgov2,0.0
anytimeihear,0.0
iheartpgh,0.0
receives,0.0
equipment_world,0.0
tough,0.0
tanejagroup,0.0
wider,0.0
oblivious,0.0
engines,0.0
sachs,0.0
way..,0.0
dozens,0.0
autotechcouncil,0.0
inext,0.0
clairvoyant,0.0
save,0.0
hav,0.0
applies,0.0
property,0.0
robotwatchmik‚Ä¶,0.0
brake,0.0
patent,0.0
demonstration,0.0
advertising,0.0
scenario,0.0
thx,0.0
kyle,0.0
1970,0.0
contact,0.0
dunyanews,0.0
thanks,0.0
victim,0.0
board,0.0
righteous,0.0
‚Äúdrove‚Äù,0.0
pross356,0.0
ibci,0.0
theyre,0.0
statemedicine,0.0
night,0.0
tweetermeyer,0.0
roboteam_inc,0.0
coast2coast_ev,0.0
comments,0.0
cockiest,0.0
socialkimly,0.0
pls,0.0
post,0.0
months,0.0
gearing,0.0
samsung‚Äôs,0.0
ride-hail,0.0
mrjohnnicolson,0.0
legislation,0.0
way,0.0
researchers,0.0
uber-ization,0.0
converse,0.0
taken,0.0
mechem,0.0
car2go,0.0
zendrive,0.0
promises,0.0
hotter,0.0
israel,0.0
n*ggas,0.0
promised,0.0
potholes,0.0
automakers‚Äô,0.0
letsnurture,0.0
stake,0.0
the419,0.0
shrink,0.0
geely,0.0
‚Äúthey,0.0
weirdest,0.0
attendees,0.0
together,0.0
jeanclaudesaade,0.0
treedarmant1,0.0
stick,0.0
switched,0.0
arrived..,0.0
seemingly,0.0
trouble,0.0
kitted,0.0
presented,0.0
turns,0.0
ve‚Ä¶,0.0
autonomouscarr,0.0
crowdsourced,0.0
'rebooting,0.0
revolution,0.0
strickland,0.0
bravo,0.0
free-for-all,0.0
rfactorpro,0.0
worldnews,0.0
shared,0.0
teaches,0.0
pedals,0.0
precursor,0.0
trial,0.0
stephen_shivers,0.0
fbi,0.0
oliversuess,0.0
prove,0.0
beneficence,0.0
googleplex,0.0
live,0.0
ex-google,0.0
envelope,0.0
ibm,0.0
trans,0.0
techpolis,0.0
chip,0.0
topic,0.0
risk-taking,0.0
legaltech,0.0
discussion,0.0
write,0.0
product,0.0
southern,0.0
lojee21,0.0
snows/rains,0.0
‚Äúfor,0.0
everyd‚Ä¶,0.0
partechventures,0.0
futures,0.0
jeffbooth,0.0
ride-share,0.0
typical,0.0
epc_corp,0.0
indeed,0.0
brain,0.0
retail‚Ä¶,0.0
ieee,0.0
shen_ed,0.0
meetolli,0.0
shoutgamers,0.0
window,0.0
selfdrivingcart,0.0
techportalntw,0.0
philosophynow,0.0
geekients,0.0
introduce,0.0
techbl‚Ä¶,0.0
onlyinbos,0.0
bigcloudteam,0.0
drop,0.0
crisisinsixscenes,0.0
tsmobility,0.0
1piece,0.0
yeah,0.0
generalmotors,0.0
fires,0.0
year,0.0
vrai777,0.0
opened,0.0
space,0.0
thisisrachael,0.0
looking,0.0
navigating,0.0
fargo,0.0
viable,0.0
unwanted,0.0
'jokers,0.0
nonprofit,0.0
blind,0.0
striking,0.0
invasion,0.0
moremoney,0.0
nilanp,0.0
drove,0.0
tomorrow,0.0
caught,0.0
remotely,0.0
futur‚Ä¶,0.0
davidhasselhoff,0.0
cathiedwood,0.0
mostly,0.0
that,0.0
brains,0.0
on‚Ä¶,0.0
eliminated,0.0
than,0.0
iaaboutca,0.0
minimumwagerates,0.0
trafficjam,0.0
grandtheftautov,0.0
start-ups,0.0
crain,0.0
investors,0.0
remained,0.0
slam,0.0
form,0.0
manufacturers,0.0
mr.,0.0
price,0.0
wilshiregrandtower,0.0
mrx,0.0
automotivenews,0.0
tooth,0.0
ecar,0.0
automateddriving,0.0
milrem,0.0
german,0.0
mashable,0.0
ramilsharifsoy,0.0
upgrade,0.0
only,0.0
neinsteinlaw,0.0
pa_puc,0.0
ystao1314,0.0
philipkdickproblems,0.0
happybargaining,0.0
footb‚Ä¶,0.0
actively,0.0
trolleyproblem,0.0
points,0.0
israeli,0.0
between,0.0
notice,0.0
'upgrades,0.0
platformbusiness,0.0
blame,0.0
riccardopaterni,0.0
twitsbysalimm,0.0
cjad800,0.0
silverkayondo,0.0
overview,0.0
actually,0.0
jerks,0.0
self-less,0.0
developing,0.0
these,0.0
zoltapp,0.0
handicapped,0.0
teslaflying,0.0
media,0.0
starintech,0.0
cars‚Äô,0.0
appelscha,0.0
centuries,0.0
internet‚Ä¶,0.0
investigates,0.0
tsdemoday,0.0
complained,0.0
traps,0.0
launched,0.0
donald_wood,0.0
taxi,0.0
thinking,0.0
lesechos,0.0
hover,0.0
calendars,0.0
pgh.,0.0
listening,0.0
transporttopics,0.0
adamsolar,0.0
ajplus,0.0
fortune,0.0
suppliers,0.0
roll,0.0
kcts9,0.0
ehealth,0.0
selfdrivin‚Ä¶,0.0
transformer‚Ä¶,0.0
recorded,0.0
selfdri‚Ä¶,0.0
dealership,0.0
saftey,0.0
volkswagen,0.0
kaarmann,0.0
sundaytimesza,0.0
comparison,0.0
backup,0.0
processor,0.0
researching,0.0
operator,0.0
your,0.0
connectcbus2015,0.0
digitalarun,0.0
mskoler,0.0
los,0.0
congested,0.0
investinisrael,0.0
gaza,0.0
interiors,0.0
‚Äúthe,0.0
fusions,0.0
describe,0.0
moved,0.0
reliability,0.0
moves,0.0
uber_rsa,0.0
interiordesign,0.0
uber‚Ä¶,0.0
you,0.0
3-d,0.0
poor,0.0
sam_baer7,0.0
tendencies,0.0
pool,0.0
pro‚Ä¶,0.0
wednesdaywisdom,0.0
jtodwork,0.0
kuehnmatthias,0.0
carpet,0.0
wmt,0.0
meghanemorris,0.0
√ºber,0.0
very,0.0
supercomputer,0.0
wswmuc,0.0
alerttrade,0.0
transporta‚Ä¶,0.0
streets,0.0
i..,0.0
mariotapia,0.0
captain_deltic,0.0
cues,0.0
nano,0.0
investing,0.0
techreview,0.0
turmoil,0.0
claytexdymola,0.0
theverge,0.0
tracks,0.0
strong,0.0
‚Äòtesla,0.0
creepy,0.0
amount,0.0
arent,0.0
wearables,0.0
family,0.0
partnering,0.0
imeancrazy,0.0
glitch,0.0
chunky,0.0
bhive,0.0
takes,0.0
rostec_russia,0.0
mysterious,0.0
vi‚Ä¶,0.0
site,0.0
excuse,0.0
commenced,0.0
robotaxis,0.0
yemen,0.0
08:13pm,0.0
thejetson,0.0
xaabo,0.0
voxdotc‚Ä¶,0.0
tried,0.0
rude,0.0
sneak,0.0
tries,0.0
mnoffsinger1,0.0
teedubya,0.0
wandilesihlobo,0.0
media_release,0.0
advised,0.0
lasers,0.0
techvehicles,0.0
.apple,0.0
evaadosoglou,0.0
systems,0.0
it‚Ä¶,0.0
breakingnews,0.0
terrorism,0.0
bryan,0.0
squishy,0.0
event,0.0
richardhaut,0.0
publish,0.0
trustd,0.0
usatoday,0.0
reason,0.0
base,0.0
ask,0.0
todaytonightsa,0.0
terrible,0.0
psd_xhtml,0.0
expecting,0.0
mondialif,0.0
apocalypse,0.0
probability,0.0
horse,0.0
przez,0.0
alteredcompany,0.0
safety‚Äô,0.0
wonderful,0.0
scheme,0.0
selling,0.0
f-16,0.0
wikyou,0.0
overdrive,0.0
tft,0.0
ipads,0.0
dtn,0.0
christianwolmar,0.0
greg,0.0
mojipro,0.0
timothy,0.0
toward,0.0
you‚Äôve,0.0
fa_antunes4u,0.0
coleslaw,0.0
wcvb,0.0
lie,0.0
u.s,0.0
speculative,0.0
autopilotdeathelon,0.0
omagus,0.0
hires,0.0
theburgh,0.0
hired,0.0
insightbrief,0.0
cjadlive,0.0
foxandfriends,0.0
beginning2anend,0.0
pomerance,0.0
selfdriv‚Ä¶,0.0
pretty,0.0
johnelwaycjdr,0.0
shelved,0.0
famous,0.0
during,0.0
‚Äònot,0.0
interim,0.0
tesla's‚Ä¶,0.0
hype,0.0
voler,0.0
caracc‚Ä¶,0.0
gearbraininc,0.0
matthewchannon_,0.0
undergoes,0.0
paulstrobel,0.0
vegasmlmeetup,0.0
close,0.0
constellation,0.0
america‚Äôs,0.0
wow,0.0
years+,0.0
checkmate,0.0
unconscious,0.0
scalability,0.0
unstoppable,0.0
se‚Ä¶,0.0
khalidhamdan0,0.0
startu‚Ä¶,0.0
itsolutions,0.0
newgenrobotics,0.0
bots,0.0
liked,0.0
dmvorg,0.0
seanmidoyle,0.0
mind-blowing,0.0
describes,0.0
fordeu,0.0
lived,0.0
lives,0.0
w/the,0.0
while,0.0
newspath,0.0
pack,0.0
ona16,0.0
tests,0.0
techshare,0.0
reads,0.0
terminator,0.0
telefinance,0.0
shay,0.0
reaction/maneuver,0.0
shah,0.0
president-less,0.0
uses,0.0
user,0.0
motor‚Ä¶,0.0
iplaw,0.0
obviously,0.0
internet-connected,0.0
ertico,0.0
uber-where,0.0
pittsburgh_dad,0.0
roasted,0.0
startups,0.0
kramtrak,0.0
bookboost,0.0
stock-market,0.0
risks‚Äô,0.0
success,0.0
envisioned,0.0
signal,0.0
popular,0.0
pillab,0.0
parade,0.0
brakes,0.0
some,0.0
urgent,0.0
trends,0.0
lifelike,0.0
tbrijs,0.0
leighmuster,0.0
exec,0.0
slash,0.0
vickimckenna,0.0
run,0.0
specialreport,0.0
stem,0.0
dhlinnovation,0.0
pomdps,0.0
viewpoints,0.0
teslaautopilot,0.0
raspberry,0.0
ibmwatson,0.0
bobmcmillan,0.0
trucking,0.0
idf,0.0
within,0.0
tesla‚Äôs,0.0
rolls,0.0
curtisurijah,0.0
carupgrades,0.0
mouserelec,0.0
infowebagri,0.0
larry,0.0
russian,0.0
dulo,0.0
cautiously,0.0
smartvehicles,0.0
imagine2030,0.0
bretbaier,0.0
fears,0.0
politicians,0.0
smiles,0.0
reportedly,0.0
william,0.0
them..i,0.0
u_drivers,0.0
haroldlgardner,0.0
required,0.0
wellbeing,0.0
svc,0.0
drivenot,0.0
requires,0.0
evenly,0.0
farms,0.0
o/s,0.0
ass,0.0
birthplace,0.0
rollout,0.0
friendly,0.0
mtvnews,0.0
wave,0.0
hasn‚Äôt,0.0
singisela,0.0
positions,0.0
ibasia,0.0
jump,0.0
booth,0.0
picked,0.0
click,0.0
espresso,0.0
experiment,0.0
paxdickinson,0.0
stance,0.0
commercial,0.0
believed,0.0
dadpoordad,0.0
lorries,0.0
rohan0203,0.0
cloudtweaks,0.0
youtubes,0.0
ride-sharing,0.0
patents,0.0
shake,0.0
gimmick,0.0
remains,0.0
saeintl,0.0
1/3,0.0
1/2,0.0
announcing,0.0
nurture,0.0
drops,0.0
gtnjuvin,0.0
ushers,0.0
voice,0.0
chevrolet,0.0
3dprinted,0.0
fare,0.0
ohmokwena,0.0
arbor,0.0
'aggressively,0.0
scoop,0.0
healthcare,0.0
executives,0.0
womeninstem,0.0
lipo360,0.0
tamaratam,0.0
broom,0.0
archit_anand143,0.0
m_steinbuch,0.0
gurunews,0.0
refuel,0.0
coybig,0.0
let‚Äôs,0.0
university,0.0
crossing,0.0
fordfusion,0.0
chunk,0.0
visionzero,0.0
special,0.0
olderdriver,0.0
reboot,0.0
heyits_wes,0.0
calif,0.0
kaleemux,0.0
tinynotebook,0.0
automobilityla,0.0
hostile,0.0
route,0.0
keen,0.0
writetobrandon,0.0
powerful,0.0
rs7,0.0
management,0.0
njitengineering,0.0
interest‚Äô,0.0
securitycharlie,0.0
adopted,0.0
electrics,0.0
randydeutsch,0.0
rsi,0.0
hitching,0.0
economicdevelopment,0.0
rss,0.0
whitelisted,0.0
semi-selfdriving,0.0
ubered,0.0
border,0.0
selfdrivingshoppingcart,0.0
baking‚òÖ,0.0
atlasobscura,0.0
yrs‚Äù,0.0
fuels,0.0
aws,0.0
newco,0.0
dopurun,0.0
secybersecurity,0.0
nuisance,0.0
eject,0.0
newyorktimesrus,0.0
databases,0.0
mandyug,0.0
sent,0.0
"50,000-pound",0.0
brithume,0.0
soldiers,0.0
spatineo,0.0
tire,0.0
fuel,0.0
overall,0.0
transferwise,0.0
joint,0.0
kong,0.0
auto-pilot,0.0
theriseoftherobots,0.0
gray,0.0
processes,0.0
fttechnews,0.0
wellness,0.0
she,0.0
gran,0.0
grab,0.0
spotted,0.0
roborace,0.0
brandstreetuk,0.0
officials,0.0
arielbogle,0.0
state,0.0
neither,0.0
importance,0.0
efficiency,0.0
police,0.0
monitor,0.0
hits,0.0
fyi/,0.0
yole_dev,0.0
fully-autonomous,0.0
afaik,0.0
tuesday,0.0
doublev_35,0.0
dasandman500,0.0
johana,0.0
wearefarmers,0.0
quit,0.0
rachel_maclean,0.0
carscoop,0.0
pizzazz_books,0.0
cent,0.0
quiz,0.0
mikevolkov20,0.0
vilavaite,0.0
tweets,0.0
expenditure,0.0
whataboutmario,0.0
kicks,0.0
üíÅüöóü§ñ,0.0
cmurobotics,0.0
selfdrivingsafe,0.0
capture,0.0
of‚Ä¶,0.0
began,0.0
parts,0.0
underground,0.0
cvrogers,0.0
tapped,0.0
volvo‚Äôs,0.0
1-4,0.0
1-6,0.0
yahoonews,0.0
minibuses,0.0
obstacles,0.0
well,0.0
thefuture,0.0
mikefeibus,0.0
deadly,0.0
researchmarkets,0.0
cupertino,0.0
sourced,0.0
accurate,0.0
tayloratklas,0.0
sources,0.0
sputtering,0.0
kick,0.0
googlers,0.0
howto,0.0
crushed,0.0
historic,0.0
intersection,0.0
itsystems,0.0
prominent,0.0
necessary,0.0
lost,0.0
sized,0.0
keith__johnston,0.0
page,0.0
twitter,0.0
04.15,0.0
cleveland,0.0
demonstrates,0.0
safeor,0.0
sponsoring,0.0
boggles,0.0
intersections,0.0
federicopascual,0.0
insurethebox,0.0
yandexcom,0.0
real-world,0.0
bradtem,0.0
sidpatankar,0.0
smarttransport,0.0
stakes,0.0
washington,0.0
8/10,0.0
utility,0.0
brian_farnan,0.0
firehazardlabs,0.0
north,0.0
polite,0.0
they‚Ä¶,0.0
applanix,0.0
feedly,0.0
stories,0.0
dteyssou,0.0
learnbonds,0.0
piece,0.0
display,0.0
petercarwriter,0.0
marketplace,0.0
twist,0.0
beats,0.0
automatonblog,0.0
eric,0.0
rumors,0.0
pacifica,0.0
service-sensing,0.0
star,0.0
stay,0.0
innorama,0.0
curbed,0.0
using,0.0
samsung,0.0
blogs,0.0
frankfurt,0.0
famous/influential,0.0
fsecure,0.0
asian,0.0
newsfromtrl,0.0
buddy,0.0
presents,0.0
industria40,0.0
teaching,0.0
sorry,0.0
ugv-campaign,0.0
updated,0.0
collaborate,0.0
cruising,0.0
cornfields,0.0
compacts,0.0
updates,0.0
skills,0.0
solution,0.0
heading,0.0
aantonop,0.0
japanese,0.0
f*ck,0.0
lights,0.0
cartoonistwanted,0.0
tips,0.0
evolving,0.0
aon_belgium,0.0
meb,0.0
experimentalism,0.0
never,0.0
drew,0.0
met,0.0
108,0.0
boron,0.0
jams,0.0
economics,0.0
chrysler,0.0
permit,0.0
tweet,0.0
fantastic,0.0
rosenberg,0.0
county,0.0
moral,0.0
tnhimss,0.0
landscape,0.0
type,0.0
lidarmonkey,0.0
wars,0.0
vehicule,0.0
warn,0.0
amwriting,0.0
cnbcnow,0.0
room,0.0
rights,0.0
movies,0.0
thegooglecar,0.0
involve,0.0
üöñüöòüöî,0.0
unforgettable,0.0
autonomy,0.0
january,0.0
corix_jc,0.0
ukdriving,0.0
1piece‚Ä¶,0.0
attempt,0.0
maintain,0.0
goodbye,0.0
overtakes,0.0
operations,0.0
onlinemedi‚Ä¶,0.0
mikedayton,0.0
crew,0.0
barfoot,0.0
weeks,0.0
rustysegars,0.0
overcome,0.0
waitwait,0.0
finck_m,0.0
raypoynter,0.0
singularity,0.0
congestion-no,0.0
motoring,0.0
‚Äòvision,0.0
went,0.0
side,0.0
principles,0.0
taught,0.0
doug,0.0
networked,0.0
crucial,0.0
content,0.0
turning,0.0
jordanklara,0.0
floors,0.0
studios,0.0
thefive,0.0
reginaldkgwedi,0.0
ytcreators,0.0
spoiler,0.0
matter,0.0
cars=0,0.0
to‚Ä¶,0.0
realestate,0.0
unsafe.‚Äù,0.0
modern,0.0
eyes,0.0
breaking/,0.0
seen,0.0
mins,0.0
seek,0.0
tells,0.0
ra‚Ä¶,0.0
city's‚Ä¶,0.0
8.0‚Ä¶,0.0
roboteam,0.0
regular,0.0
doj,0.0
youarenotfree,0.0
valshawcross,0.0
whitelist,0.0
ending,0.0
deftly,0.0
colorful,0.0
perceive,0.0
pallets,0.0
bat,0.0
booth3568,0.0
ethical,0.0
bas-01g,0.0
fascinating,0.0
testing,0.0
voxdotcom,0.0
smorrz,0.0
lipson,0.0
qutscieng,0.0
olympics,0.0
simplest,0.0
warrior,0.0
omg,0.0
sharp_usa,0.0
vows,0.0
s90,0.0
suggested,0.0
frenchtech,0.0
uncertainty,0.0
damned,0.0
monakinkcurlz,0.0
yahoofinance,0.0
initiative,0.0
hammerson\,0.0
puts,0.0
three,0.0
trigger,0.0
oxits,0.0
g7470program,0.0
website,0.0
u.s.-saudi,0.0
tapping,0.0
pilotprogram,0.0
tank,0.0
rnib,0.0
uberai,0.0
blackandgold,0.0
neat,0.0
seven,0.0
shame,0.0
fortunemagazine,0.0
automomous,0.0
chunkamui,0.0
meetup,0.0
israel‚Äôs,0.0
‚Äútry,0.0
unicorn,0.0
thoughts,0.0
paradigm,0.0
yours,0.0
sporting,0.0
leanux_bala,0.0
yep,0.0
yes,0.0
yet,0.0
impending,0.0
vinsalsace,0.0
"282,000",0.0
opt,0.0
egan,0.0
detlistener,0.0
dreams,0.0
.uber,0.0
notorious,0.0
scottzoldi,0.0
www,0.0
fredemamzade,0.0
the_future_city,0.0
norman,0.0
amediting,0.0
patentlaw,0.0
denso,0.0
‚Äòreboot‚Äô,0.0
bold,0.0
predicting,0.0
applenews,0.0
bolt,0.0
4.1m,0.0
proudofmyhometown,0.0
ramsnfl,0.0
worldethics,0.0
automatically,0.0
selfie,0.0
intellectual,0.0
down,0.0
influencing,0.0
editor,0.0
_caxi,0.0
rehanamoosajee,0.0
surrender,0.0
all‚Äîfrom,0.0
aon_plc,0.0
builds,0.0
bitcoins,0.0
singaporeans,0.0
ship,0.0
marking,0.0
2016/17,0.0
krafcik,0.0
felt,0.0
utilities,0.0
weekend,0.0
potato,0.0
profits,0.0
skip,0.0
farhad,0.0
semiwiki,0.0
yapping,0.0
manager,0.0
jqqqn,0.0
safety'|,0.0
father,0.0
finally,0.0
marks,0.0
smartphone,0.0
zap__din,0.0
bi_contributors,0.0
magnet,0.0
attracting,0.0
unexpected,0.0
‚Äòsmiling‚Äô,0.0
targets,0.0
unrestricted,0.0
transportation,0.0
guardian,0.0
french,0.0
slashgear,0.0
earthquake,0.0
alto,0.0
first-ever,0.0
streetview,0.0
canadian,0.0
shift,0.0
bot,0.0
johnkarryko,0.0
high-tech,0.0
teleoperating,0.0
teenage,0.0
powerlunch,0.0
useful,0.0
verge,0.0
awtonomus,0.0
washpostdc,0.0
visit,0.0
france,0.0
thru,0.0
sharing,0.0
ooh,0.0
downtown,0.0
longtrackrecord,0.0
joe_blau,0.0
fly,0.0
tokyo,0.0
inertial,0.0
and‚Ä¶,0.0
making,0.0
arrive,0.0
lords,0.0
evbox,0.0
predict,0.0
po_st,0.0
bajillion-dollar,0.0
automobility,0.0
sapphiregypsy,0.0
nyt,0.0
monicataher,0.0
jmbooyah,0.0
map,0.0
max,0.0
sustainability,0.0
mad,0.0
man,0.0
necn,0.0
switch,0.0
fatalities,0.0
jowyang,0.0
beardednatitude,0.0
group,0.0
thank,0.0
startrek,0.0
thanx,0.0
mail,0.0
msnbc,0.0
main,0.0
uptake,0.0
finance,0.0
killer,0.0
‚Äúdriverless‚Äù,0.0
sooner,0.0
josepsole_,0.0
fontaine_ch,0.0
killed,0.0
rgruia,0.0
rock,0.0
showcasing,0.0
const‚Ä¶,0.0
deutschepostdhl,0.0
tonycanas4,0.0
giveth,0.0
girl,0.0
canada,0.0
fazed,0.0
uber_pit,0.0
stupid,0.0
dutch,0.0
correct,0.0
roadsd.if,0.0
california,0.0
org,0.0
cc_conversation,0.0
thing,0.0
thine,0.0
waited,0.0
commercialize,0.0
little,0.0
sextrain,0.0
badidea,0.0
nanodegreeüöó,0.0
mining,0.0
venture,0.0
were,0.0
tractor,0.0
ryan0shea,0.0
dash,0.0
prtnrs,0.0
ubimobility,0.0
fedtech,0.0
sose16,0.0
answering,0.0
upgrading,0.0
potential,0.0
performance,0.0
200,0.0
cybertaters,0.0
theatre,0.0
normal,0.0
ilvestoomas,0.0
paid,0.0
assault,0.0
rostec,0.0
‚Äòbeating‚Äô,0.0
futureready,0.0
order,0.0
machineintelligence,0.0
speaker-,0.0
shop,0.0
shot,0.0
reassessing,0.0
technoterrorist,0.0
ifapplecantdoit,0.0
teslasoftware8.0,0.0
roadandtrack,0.0
impunity,0.0
isn‚Äôt,0.0
ranking,0.0
sensata,0.0
availa,0.0
nearly,0.0
iotipenton,0.0
gen,0.0
time4truthnews,0.0
miles,0.0
worrying,0.0
lyft,0.0
relative,0.0
eliminating,0.0
seal,0.0
macmys,0.0
vertical,0.0
24/7,0.0
across,0.0
sohjoa,0.0
affordable,0.0
august,0.0
googlebike,0.0
killing,0.0
real-life,0.0
letsgetgoing,0.0
sketchy,0.0
highlights,0.0
among,0.0
proft,0.0
40+,0.0
innovations,0.0
certify,0.0
mark,0.0
mars,0.0
shopping,0.0
hodgepodge,0.0
bmi,0.0
wake,0.0
anti_gnostic,0.0
prof.,0.0
promising,0.0
ashlyferg,0.0
then,0.0
mailonline,0.0
effective..,0.0
sleeping,0.0
sudden,0.0
thisjusttweets,0.0
audrey__coulter,0.0
curbedla,0.0
drive‚Äù,0.0
nexttenyears,0.0
doctor,0.0
pay,0.0
tour,0.0
emojis,0.0
oil,0.0
semiautonomous,0.0
macro,0.0
solve,0.0
pa.,0.0
jord‚Ä¶,0.0
bgeisel1,0.0
ondemandmobility..,0.0
admitting,0.0
what_the_bec,0.0
geohotnews,0.0
vending,0.0
titan,0.0
images,0.0
dolt,0.0
zdnet,0.0
pioneer,0.0
moderate,0.0
userexperience,0.0
janrezab,0.0
seconds,0.0
atelier_us,0.0
roaming,0.0
manufacturer,0.0
regulations,0.0
tease,0.0
technologyüí°,0.0
meaning,0.0
databases_good,0.0
carelsnyman,0.0
roam,0.0
quietly,0.0
lands,0.0
'self-driving,0.0
strip,0.0
fox25news,0.0
uxresearch,0.0
scottdavis_wb,0.0
safwanzaheer,0.0
revamped,0.0
smartnation,0.0
refinery29,0.0
nopunintended,0.0
videos,0.0
conundrum,0.0
youtube,0.0
selfdriven,0.0
general,0.0
planets,0.0
reutersuk,0.0
tedious,0.0
hwingo,0.0
field,0.0
robertmarawa,0.0
god-satellite,0.0
tackle,0.0
remote,0.0
unload,0.0
whereismyjetpack,0.0
starting,0.0
inteloperator,0.0
forget,0.0
founder,0.0
medds,0.0
talks,0.0
motor_mag,0.0
children,0.0
rtsagro,0.0
rachelnixon,0.0
mikelangford,0.0
mistranslated,0.0
wsj,0.0
economically,0.0
neighborhood,0.0
airliners,0.0
revolutionise,0.0
foxnews,0.0
autonomoscars,0.0
zero,0.0
ribbon,0.0
abc,0.0
tcot,0.0
directindustryemag,0.0
marketwatch,0.0
transforms,0.0
ralfoestereich,0.0
videogame,0.0
c'mon,0.0
threads,0.0
jayegi,0.0
reboot‚Äô,0.0
publishes,0.0
fwd,0.0
larrypage,0.0
horovits,0.0
airport,0.0
greggrogell,0.0
published,0.0
themis,0.0
ibmautomotive,0.0
transit,0.0
sexaddiction,0.0
armed,0.0
two,0.0
dispatching,0.0
drivingjobs,0.0
diamond,0.0
futureoftransport,0.0
21st-century,0.0
karaoke,0.0
foxnation,0.0
'speed,0.0
middle,0.0
recall,0.0
handsomegrahame,0.0
compare,0.0
share,0.0
loosing,0.0
numbers,0.0
awkward,0.0
overlappi,0.0
advice,0.0
questioning,0.0
response,0.0
ipnews,0.0
pleasure,0.0
heralded‚Ä¶,0.0
playing,0.0
through,0.0
suffer,0.0
ok.,0.0
late,0.0
reuters,0.0
gamedesign,0.0
dolls,0.0
wsp_pbworld,0.0
mbta,0.0
hari,0.0
house,0.0
hard,0.0
buzzfeedseinfeld,0.0
ripple,0.0
safer.supershuttle,0.0
foreground,0.0
circumstance,0.0
veille,0.0
members,0.0
laughable,0.0
mmb,0.0
ibcipl,0.0
running,0.0
materialgear,0.0
pilots,0.0
stewie08701,0.0
bbcshufflebot,0.0
tedx,0.0
monumentpolicy,0.0
wages,0.0
via‚Ä¶,0.0
least,0.0
paint,0.0
leash,0.0
property‚Ä¶,0.0
park,0.0
wilnerdc,0.0
qld,0.0
uberatc,0.0
aug.,0.0
googleautonomouscar,0.0
mountain,0.0
majority,0.0
significant,0.0
services,0.0
erepubliclabs,0.0
2030-,0.0
traceylien,0.0
sector,0.0
scuethics,0.0
cryptoanarchy,0.0
ridehailing,0.0
converge,0.0
giant,0.0
ruin,0.0
shashabhushan,0.0
manasrm,0.0
express,0.0
v8.0,0.0
nodriver,0.0
motorcycles,0.0
common,0.0
‚Äòhundreds,0.0
overhyping,0.0
bmezaris,0.0
red-letter,0.0
nashville,0.0
threat‚Äô,0.0
murataps,0.0
ü§îü§îü§îü§îü§î,0.0
tipping,0.0
focused,0.0
upgraded,0.0
point,0.0
simple,0.0
shutdown,0.0
upgrades,0.0
nextev,0.0
rivals,0.0
meeting,0.0
slips,0.0
morganstanley,0.0
debasis070,0.0
chatted,0.0
gas,0.0
gap,0.0
gan,0.0
understand,0.0
replaces,0.0
solid,0.0
platoontest,0.0
itself,0.0
italy,0.0
attack,0.0
yesterday,0.0
sys,0.0
moment,0.0
energy-efficient,0.0
redesigned,0.0
spent,0.0
pop_byte,0.0
danproft,0.0
landmark,0.0
entry,0.0
spend,0.0
telegraphtech,0.0
distracting,0.0
shape,0.0
ranjeet18,0.0
source,0.0
ridiculously,0.0
radiusfunk,0.0
manage,0.0
rebound,0.0
displace,0.0
educatio,0.0
surfacemag,0.0
markpiesing,0.0
martian,0.0
marlon_boarnet,0.0
integration,0.0
khou,0.0
mindshare,0.0
bestseller,0.0
germany,0.0
reutersindia,0.0
‚Ä¶some,0.0
electricvehicles,0.0
mke,0.0
forward,0.0
chicagotribune,0.0
sdv,0.0
invite,0.0
luxembourgize,0.0
cybersec,0.0
year‚Äôs,0.0
testdrive,0.0
bruce_croxon,0.0
clips,0.0
planes,0.0
11:51pm,0.0
curb,0.0
timmyc62,0.0
metara,0.0
fishel,0.0
ravines,0.0
prepares,0.0
2009,0.0
messefrankfurt,0.0
ihs4defrisksec,0.0
cruiseautomation,0.0
baddriver,0.0
sharethis,0.0
shoppingcart,0.0
highereducation,0.0
tonyseba,0.0
ruttbridges,0.0
carplay,0.0
prototypes,0.0
eurocarparts,0.0
rivers,0.0
thenextweb,0.0
muoiod,0.0
clydebuilt,0.0
safetymanagement,0.0
giving,0.0
anthem,0.0
harvests,0.0
redhatnews,0.0
sing,0.0
safer,0.0
talent,0.0
mr_m73,0.0
decrease,0.0
oval,0.0
patrol,0.0
normalizes,0.0
upcoming,0.0
subscription,0.0
tunnel,0.0
near-future,0.0
sharingeconomy,0.0
praise,0.0
closing,0.0
e.g.,0.0
effectively,0.0
gcc,0.0
fets,0.0
reva,0.0
holds,0.0
aft,0.0
'hands-free,0.0
stock,0.0
wwesuperman,0.0
chasing,0.0
post-brexit,0.0
rbaranger,0.0
its‚Ä¶,0.0
addiction,0.0
mchui,0.0
alakrintis,0.0
busan,0.0
urbanmobility,0.0
bunch,0.0
industries,0.0
spreading,0.0
dan,0.0
spell,0.0
techlaw,0.0
thrill,0.0
warned,0.0
tues,0.0
oliverseifert,0.0
by‚Ä¶,0.0
experienced,0.0
loganrockmore,0.0
airbnb,0.0
jasonbalcauski,0.0
red,0.0
workflow,0.0
interaction,0.0
vc‚Ä¶,0.0
marcgarneau,0.0
retail,0.0
south,0.0
first-in-the-nation,0.0
uslibertine,0.0
pgh,0.0
stevewal63,0.0
taxisvsuber,0.0
lagging,0.0
reached,0.0
owning,0.0
smartcars,0.0
madeinamerica,0.0
vtoesca,0.0
pakistani,0.0
invid_eu,0.0
radar-focused,0.0
completed,0.0
nobody,0.0
sweden,0.0
growthhacking,0.0
anthropologist,0.0
wakes,0.0
unlikely,0.0
congrats,0.0
wouldyouride,0.0
gingerly,0.0
concerns,0.0
unless,0.0
eight,0.0
payment,0.0
request,0.0
absurd,0.0
lenagoh,0.0
thesunchronicle,0.0
espyservicesinc,0.0
kitt,0.0
portfolio,0.0
inspiring,0.0
knowledge,0.0
madman,0.0
ksa,0.0
fastforwardma,0.0
harleydavidson,0.0
occupant,0.0
mercedes,0.0
gibson,0.0
sfbusinesstimes,0.0
national,0.0
racernic,0.0
skynet,0.0
tesmods,0.0
close‚Äô,0.0
2pm,0.0
cars..,0.0
martunduaga,0.0
comment,0.0
bostonherald,0.0
ushering,0.0
erniebochjr,0.0
ottomotors,0.0
planetm,0.0
head-start,0.0
'reboot,0.0
selfdrivingrevolution,0.0
finished,0.0
womenintech,0.0
siliconvalley,0.0
digimkt,0.0
value,0.0
self-flying,0.0
city-county,0.0
almost,0.0
sampavin,0.0
shuttle,0.0
andyjayhawk,0.0
ios,0.0
volvocarsglobal,0.0
insure,0.0
sets,0.0
position,0.0
geeksight,0.0
executive,0.0
nicknamed,0.0
stored,0.0
jake_langbecker,0.0
seats,0.0
posmartin,0.0
cltomlinson,0.0
carsthatthink,0.0
ads,0.0
antoniatripa,0.0
add,0.0
infographics,0.0
match,0.0
zaynmalik,0.0
shitters,0.0
worlds,0.0
fyi,0.0
exclusiveinvitation,0.0
inviting,0.0
works,0.0
soft,0.0
kid‚Äôs,0.0
millennialchris,0.0
thejusticedept,0.0
flyingcar,0.0
est,0.0
emergencyservices,0.0
speak,0.0
‚Äòmassive‚Äô,0.0
although,0.0
vision-based,0.0
panel,0.0
introduces,0.0
irialm,0.0
statement,0.0
smarts,0.0
fleetvehicles,0.0
billions,0.0
spybeforeyoubuy,0.0
female,0.0
inclimate,0.0
rca,0.0
maxjcm,0.0
lost/unauthorized,0.0
editing,0.0
bug,0.0
bud,0.0
pig,0.0
shooting,0.0
memssummit,0.0
olivers‚Ä¶,0.0
allelectric,0.0
ecological,0.0
stemecosystems,0.0
ubi,0.0
humanfactors,0.0
technologyrocks,0.0
healthcatalyst,0.0
thehill,0.0
facilities,0.0
truckdriving,0.0
hate,0.0
trolley,0.0
ilianasergeev,0.0
bureaucrats,0.0
techblog,0.0
madetobeamomma,0.0
pride,0.0
drudgeheadlines,0.0
ptadejko,0.0
rise,0.0
riedle,0.0
encounter,0.0
cbreresearch,0.0
founded,0.0
open-source,0.0
ericssoncities,0.0
qutstem,0.0
unscrewing,0.0
surrounding,0.0
street,0.0
estimated,0.0
thenandnow,0.0
blue,0.0
secstockwatch,0.0
searchcio,0.0
liberty,0.0
sung,0.0
eco,0.0
supplier,0.0
seeks,0.0
studio,0.0
path,0.0
auction,0.0
nextgen,0.0
sethmeyers,0.0
newmr,0.0
ventured,0.0
sn-news,0.0
selfdrivinguber‚Ä¶,0.0
zelaroth,0.0
westonp‚Ä¶,0.0
preview,0.0
infosec,0.0
real-time,0.0
sharedeconomy,0.0
dccdudley,0.0
evankirstel,0.0
tridika,0.0
cheapest,0.0
testla,0.0
take/trust,0.0
install,0.0
are..a..coming,0.0
estate,0.0
attract,0.0
selfdrivingwhip,0.0
enquiry,0.0
popsci,0.0
writers,0.0
gate,0.0
widespread,0.0
badly,0.0
kalashnikov,0.0
certhellas,0.0
wurby,0.0
smartcolumbus,0.0
environ,0.0
ultimate,0.0
enter,0.0
london,0.0
socialmedia,0.0
writing,0.0
whips,0.0
vandalize,0.0
prevented,0.0
spirent,0.0
detroit,0.0
explode,0.0
extremetec,0.0
day1,0.0
laid,0.0
banning,0.0
start‚Ä¶,0.0
highered,0.0
warfareww,0.0
wanted,0.0
nonexistent/drivers,0.0
suvs,0.0
trg_waikato,0.0
days,0.0
onto,0.0
puck,0.0
philosophical,0.0
toy,0.0
fiction,0.0
too,0.0
/r/robotwatch,0.0
ubernewbz,0.0
swarmintelligence,0.0
urban,0.0
murder,0.0
tool,0.0
serve,0.0
took,0.0
instapaper,0.0
ixchat,0.0
helenhaxell,0.0
_zoomarch_,0.0
edmonds,0.0
classes,0.0
rac,0.0
industry40,0.0
thorpesi,0.0
lifeinsurance,0.0
teambosch,0.0
educator,0.0
rider,0.0
though,0.0
deploys,0.0
clickadelphia,0.0
johnalunil,0.0
peers,0.0
flow,0.0
tweethelp,0.0
wamu885,0.0
sthlmtech,0.0
worldofg,0.0
radio,0.0
whitehouse,0.0
ashevillebids,0.0
xesolinnovation,0.0
spite,0.0
situations,0.0
denel,0.0
announce,0.0
watch,0.0
solution=,0.0
slags,0.0
countries,0.0
idiotic,0.0
reimer,0.0
nhtsagov,0.0
motherboard,0.0
guacguactv,0.0
on-demand,0.0
sunlsummit,0.0
discovers,0.0
approach,0.0
boss,0.0
nightmares,0.0
te‚Ä¶,0.0
dedication,0.0
protect,0.0
fault,0.0
players,0.0
interquestgroup,0.0
‚Äòrobo,0.0
tecnoplc,0.0
trust,0.0
warehouses,0.0
confident,0.0
ak47,0.0
thewarholmuseum,0.0
imts2016,0.0
2morrowknight,0.0
catch,0.0
70000,0.0
stopping,0.0
platooning,0.0
suggest,0.0
several,0.0
groundbreaking,0.0
'sellouts,0.0
prioritize,0.0
my_duwad,0.0
skids,0.0
savings,0.0
arkforward,0.0
proposed,0.0
unemployment,0.0
laptop,0.0
passporthq,0.0
emobility,0.0
velodynelidar‚Ä¶,0.0
thumbs,0.0
cherry,0.0
pharmacy,0.0
w/in10yrs,0.0
technological,0.0
thebitcoinnews,0.0
‚Äúwe,0.0
judge,0.0
thundercatsyo,0.0
velodyne,0.0
hunt,0.0
zoom,0.0
kasuri420,0.0
svbizjournal,0.0
seanhannity,0.0
usher,0.0
wtae,0.0
ics,0.0
selfdrivi‚Ä¶,0.0
regs,0.0
discount,0.0
re-orient,0.0
metro/tube/subway,0.0
exithub,0.0
twitch,0.0
valueinvesting,0.0
presence,0.0
puzzle,0.0
bounds‚Äî,0.0
ghar,0.0
itspodcast,0.0
rely,0.0
elseviermath,0.0
transform,0.0
class,0.0
gig,0.0
stuck,0.0
ona16trends,0.0
weather.4,0.0
nwtls,0.0
removed,0.0
1shawnster,0.0
meters,0.0
escape,0.0
bishnoikuldeep,0.0
ieeegreen,0.0
sci-tech,0.0
radically,0.0
commercials,0.0
tip,0.0
davidedmonds100,0.0
setting,0.0
hyperloopone,0.0
picture,0.0
football,0.0
trucki‚Ä¶,0.0
tiesteach,0.0
australianm,0.0
crazytrain,0.0
web_ugv,0.0
extremities,0.0
ideacademy,0.0
row,0.0
thursdaythoughts,0.0
2016-09-16-eete-automotive-newsletter,0.0
zoelahenry,0.0
quasi,0.0
pennlive,0.0
tanks,0.0
cook,0.0
standards,0.0
uknews,0.0
tougher,0.0
trend,0.0
projectpittsburgh,0.0
obsolete,0.0
cyber,0.0
mich.,0.0
driversiti,0.0
spin-off,0.0
nosurprise,0.0
stressful,0.0
constitution,0.0
debate,0.0
uber_actualite,0.0
webuyurrideinc,0.0
weird,0.0
automaton,0.0
1.6-mile,0.0
morals,0.0
problematic,0.0
rcdefense,0.0
msn,0.0
offing,0.0
drjimmystar,0.0
nopuni‚Ä¶,0.0
wal-mart,0.0
local,0.0
modified,0.0
josiah17,0.0
trump,0.0
figure,0.0
kevinmeadows,0.0
pogue,0.0
swedish,0.0
requirements,0.0
endorsement,0.0
ptvlogistics,0.0
zootopia,0.0
2dvince,0.0
selfdriving-car,0.0
patrickborelli,0.0
deloittestratop,0.0
commodity,0.0
travisk,0.0
inform,0.0
invests,0.0
mainly,0.0
view‚Ä¶,0.0
priyasideas,0.0
gtc,0.0
paradoxically,0.0
platform,0.0
offers,0.0
berserk984,0.0
evolution,0.0
socialundergrnd,0.0
njphillpott,0.0
term,0.0
opera,0.0
possibilities,0.0
realistic,0.0
nytimess,0.0
smartliving,0.0
tribune,0.0
rethinking,0.0
kornhauser,0.0
volvotrucks,0.0
webinar,0.0
begun,0.0
yinzarebrave,0.0
ultimately,0.0
doing..,0.0
gamification,0.0
millenialsdontdrive,0.0
hula,0.0
theory,0.0
wan,0.0
previews,0.0
carmilevy,0.0
'means,0.0
plasmate,0.0
redlorrycomms,0.0
sandeepsovani,0.0
motion,0.0
turn,0.0
redhat,0.0
world‚Äôs,0.0
matthieson,0.0
pokemon,0.0
iam,0.0
given,0.0
district,0.0
caraccident,0.0
trillion,0.0
white,0.0
season,0.0
screwing,0.0
taketh,0.0
wide,0.0
hi-res,0.0
require,0.0
ntvll,0.0
cards,0.0
boschglobal,0.0
ann,0.0
yeahnoworries,0.0
802.11p,0.0
medium,0.0
elearning,0.0
ideas,0.0
ridesharing,0.0
emphasis,0.0
wlwt,0.0
switzerland,0.0
multiple,0.0
inks,0.0
robertharleyafr,0.0
later,0.0
jordanmgraham,0.0
pilot‚Äôs,0.0
recipe,0.0
spaces,0.0
tesla-style,0.0
hedge,0.0
omar_soubra,0.0
reveal,0.0
regarding,0.0
rec2tech,0.0
drrafiei,0.0
predicted,0.0
discussing,0.0
maximum,0.0
college,0.0
parking,0.0
collects,0.0
violates,0.0
insuring,0.0
mounier,0.0
comp,0.0
uspto,0.0
pakka,0.0
sbcsmartcity,0.0
visualmerc,0.0
pakistan,0.0
v2x,0.0
approval,0.0
bizarre,0.0
poll,0.0
post-driverless,0.0
üëëugv,0.0
thinkformyself1,0.0
carpet.‚Äù,0.0
hardly,0.0
nollyprott,0.0
dicrewo,0.0
thehindu,0.0
paying,0.0
50m,0.0
everydaytech,0.0
pitch,0.0
it.,0.0
lexisnexisindia,0.0
mcknight,0.0
converts,0.0
d15,0.0
sawarkar,0.0
granted,0.0
trip,0.0
shifts,0.0
insurers,0.0
events,0.0
ieeeorg,0.0
week,0.0
that‚Äôs,0.0
agelab,0.0
itbegins,0.0
weed,0.0
w/driver+co-pilot,0.0
relies,0.0
circlegroup,0.0
pennsylvania,0.0
ranch,0.0
model,0.0
analystcolor,0.0
captures,0.0
kill,0.0
mo‚Ä¶,0.0
samalter,0.0
blow,0.0
announcement,0.0
mamasaysnonono,0.0
carcolexecauto,0.0
poised,0.0
pkedrosky,0.0
janewells,0.0
selimyeniceri,0.0
helenlewis,0.0
transformers5,0.0
towel,0.0
patrick,0.0
sanity,0.0
studsterkel,0.0
ameerpharmali,0.0
simulator,0.0
nikkei,0.0
hfes2016,0.0
provides,0.0
dovecottagehosp,0.0
welcome,0.0
update,0.0
benglard,0.0
fantasize,0.0
terrified,0.0
clearpthcapital,0.0
vivadriveio,0.0
stand,0.0
discusses,0.0
techcrunch,0.0
dw_business,0.0
digitalsignage,0.0
bram_desmet,0.0
standardnews,0.0
cmts,0.0
flyeaglesfly,0.0
there,0.0
goncalocarrico,0.0
valley,0.0
jkcorden,0.0
regard,0.0
alain,0.0
ycombinator,0.0
picdescbot,0.0
harriscorp,0.0
‚Äúyou,0.0
drivingsales,0.0
cbs,0.0
mavenofhonor,0.0
politics,0.0
etftrigger,0.0
nerioxman,0.0
requested,0.0
stocks,0.0
blacks,0.0
calls,0.0
wife,0.0
driver‚Ä¶,0.0
migrated,0.0
righte‚Ä¶,0.0
chinese,0.0
ald,0.0
lack,0.0
enedina345,0.0
swerving,0.0
polciestate,0.0
lawmakers,0.0
woman,0.0
worse,0.0
sonf,0.0
song,0.0
icar,0.0
smartphones,0.0
awful,0.0
ticket,0.0
yinzers,0.0
list,0.0
salute,0.0
programme,0.0
ten,0.0
seldriving,0.0
sun,0.0
suv,0.0
version,0.0
attitudes,0.0
reboots,0.0
racing,0.0
sfgate,0.0
berkeley,0.0
hightech,0.0
eetimes,0.0
atc15,0.0
thankfully,0.0
timesofisrael,0.0
1908,0.0
ededock,0.0
steinerglobal,0.0
intelligentmobility,0.0
markets,0.0
horses,0.0
neuron,0.0
knows,0.0
ivankatrump,0.0
ryde,0.0
tylermathisen,0.0
glad,0.0
kickass,0.0
inconveniencing,0.0
goal,0.0
johannesburg,0.0
garrymathiason,0.0
okay,0.0
elon/tesla,0.0
disable,0.0
uran-9,0.0
timwjackson,0.0
concentrating,0.0
futureofwork,0.0
pers,0.0
vikezmedia,0.0
mercedes-benz,0.0
mission,0.0
style,0.0
techdisrupters,0.0
won‚Äôt,0.0
perkinsvision,0.0
somebody,0.0
hyperloop,0.0
‚Äú50,0.0
cartech,0.0
bigger,0.0
niceride,0.0
refresh,0.0
scho‚Ä¶,0.0
thing..,0.0
roboshoes,0.0
dsilver829,0.0
prolly,0.0
azeem,0.0
4pm,0.0
dandaremeekon,0.0
health,0.0
hill,0.0
experimenting,0.0
teach,0.0
'round,0.0
nvidia‚Äôs,0.0
thread,0.0
selfpreservation,0.0
threat,0.0
traveled,0.0
gtaonline,0.0
velodynelidar,0.0
brettpetzer,0.0
passes,0.0
leading,0.0
interact,0.0
porn,0.0
regulation,0.0
rails,0.0
storm,0.0
gpu,0.0
option,0.0
thinkbig,0.0
hotel,0.0
mat_maj,0.0
optical,0.0
kind,0.0
aims,0.0
risks,0.0
jmesteves13,0.0
transcriptions,0.0
deepspacedrones,0.0
ramon_thomas175,0.0
cropped,0.0
creativeconstr,0.0
xc90,0.0
nflfanstyle,0.0
warnings,0.0
goldman,0.0
react,0.0
arralis,0.0
infrastructures,0.0
stands,0.0
marinastanley,0.0
roundta‚Ä¶,0.0
autonomoushealthcare,0.0
cdl,0.0
johndeerejobs,0.0
costing,0.0
heavily,0.0
rebooting,0.0
penalty,0.0
shepherd,0.0
zoltan_istvan,0.0
activity,0.0
sustainable,0.0
equinox,0.0
intelligence,0.0
carpool,0.0
defense,0.0
comp_science,0.0
supplychain,0.0
mpressonline,0.0
numerous,0.0
korea,0.0
colindotclub's,0.0
creating,0.0
sold,0.0
perfection,0.0
sweet,0.0
village,0.0
jasonoutloud,0.0
van‚Äô,0.0
friesland,0.0
due,0.0
fiandola,0.0
reduction,0.0
watchword,0.0
brick,0.0
whoa,0.0
danielburrus,0.0
flight,0.0
sending,0.0
goodle,0.0
thecomeback,0.0
bamxy,0.0
demand,0.0
selfemployment,0.0
steemit,0.0
rip,0.0
demos,0.0
obstacle,0.0
santos,0.0
ditched,0.0
stefan_heck,0.0
negotiate,0.0
arrived,0.0
lower,0.0
klavonsicecream,0.0
team237,0.0
competitive,0.0
continent,0.0
workers,0.0
securproject,0.0
jamesrhagerty,0.0
tweak,0.0
vendor,0.0
jacksonville,0.0
skeptical,0.0
shaped,0.0
martijnvdsteen,0.0
thrun,0.0
newsletter,0.0
carolyntweet,0.0
rarely,0.0
hereandnow,0.0
ticking,0.0
selfiedriving,0.0
kdnuggets,0.0
roundup,0.0
pipeline,0.0
cautious,0.0
cleantech,0.0
range,0.0
user-engagement,0.0
masstransit,0.0
onbrm,0.0
scottthompson_,0.0
alangunzburg,0.0
impressed,0.0
entitlement,0.0
botjunkie,0.0
sthl‚Ä¶,0.0
deployed,0.0
businessfuturis,0.0
fries,0.0
carmakers,0.0
called,0.0
goldmansachs,0.0
jkintz,0.0
lcv2016,0.0
makeinindia,0.0
ex-girlfriends,0.0
develope,0.0
users,0.0
problems,0.0
helping,0.0
generated,0.0
posters,0.0
romainvigue,0.0
hoverboards,0.0
flymode,0.0
supplychain247,0.0
automotiv‚Ä¶,0.0
mines,0.0
alien,0.0
afontperez,0.0
lmoliva_,0.0
siriouslysusan,0.0
mainstream,0.0
localgardener1,0.0
usefularts,0.0
titanproject,0.0
someday,0.0
smaller,0.0
overhype,0.0
ummm,0.0
makers,0.0
pittsburgh‚Äôs,0.0
showcase,0.0
techcrunchdisrupt,0.0
waiting,0.0
capital,0.0
degree,0.0
explore,0.0
techtuesday,0.0
shelley_grover,0.0
metro,0.0
warehousing,0.0
sheila,0.0
volt,0.0
motor,0.0
duck,0.0
wil,0.0
apply,0.0
use,0.0
usd,0.0
usa,0.0
few,0.0
andrei_rday,0.0
sort,0.0
px2,0.0
volerquiz,0.0
startupindia,0.0
iotfacts,0.0
women,0.0
theyprobablysentthistoeveryoneinpgh,0.0
column,0.0
proprietary,0.0
tay,0.0
futurism,0.0
villain,0.0
sit,0.0
cabbies,0.0
exemplify,0.0
juliabreathes,0.0
abuse,0.0
driverless-autonomous,0.0
danielnenni,0.0
vladimirberoun,0.0
autonomus,0.0
üëµüèªüëµüèªüëµüèª,0.0
tsrla,0.0
ships,0.0
wesaconfluence,0.0
virtualreality,0.0
robomatter,0.0
violating,0.0
kellyannepolls,0.0
road-tested,0.0
investor,0.0
trac,0.0
nfl,0.0
unregulated,0.0
idpp,0.0
bills,0.0
ü§ñü§ñü§ñwhere,0.0
usdoj,0.0
related,0.0
out,0.0
ni_pi_kopp,0.0
navyatechnology,0.0
behaviours,0.0
producthunt,0.0
drivevolution,0.0
york,0.0
conversation,0.0
ltd,0.0
foresight_lab,0.0
westonphippen,0.0
3tecus,0.0
reutersworld,0.0
themthx,0.0
uran9,0.0
videogames,0.0
deadline‚Äôs,0.0
screeching,0.0
cliqueapi,0.0
m_bernardini,0.0
which,0.0
yoongizs,0.0
mitsupplychain,0.0
ivoteforbest,0.0
'pushing,0.0
poissonent,0.0
truthtablejct,0.0
deny,0.0
looked,0.0
fujitsu,0.0
chicken,0.0
litigation,0.0
heartglows_com,0.0
surroundings,0.0
thousands,0.0
watching,0.0
pittsburghpg,0.0
dope,0.0
ones,0.0
geradsimon,0.0
jeroenbartelse,0.0
11am,0.0
view,0.0
module,0.0
glennza,0.0
acquires,0.0
wpxitonyruffolo,0.0
superb,0.0
geohotus,0.0
wireduk,0.0
opening,0.0
joy,0.0
tom_prelich,0.0
safely,0.0
home‚Äì,0.0
wall,0.0
subscribe,0.0
rpi,0.0
fintech,0.0
bbc,0.0
charts,0.0
chrisdeitch,0.0
tap,0.0
techinsider,0.0
newworld,0.0
improved,0.0
present,0.0
adigaskell,0.0
cymotive,0.0
stunning,0.0
wild,0.0
ringing,0.0
avs,0.0
opportunities,0.0
defenceweb_afr,0.0
üòäüå∫üëçüåéüöÜüöô,0.0
designnews,0.0
underwhelmed,0.0
largest,0.0
units,0.0
slave,0.0
smartshopping,0.0
promo,0.0
premiere,0.0
s______w______s,0.0
ultimaratio_,0.0
pedal,0.0
smarthome,0.0
antsy,0.0
edition,0.0
fighting,0.0
boot,0.0
üòúj/k,0.0
recap,0.0
fedeszanei89,0.0
supply,0.0
work‚Ä¶,0.0
oxbotica,0.0
suzetteblake9,0.0
robocarz,0.0
mimisegelnecn,0.0
press,0.0
walmart‚Äî,0.0
austinmslingers,0.0
helpful,0.0
loses,0.0
w_lehmacher,0.0
scared,0.0
tumblr,0.0
i‚Äôve,0.0
employment,0.0
scares,0.0
expected..,0.0
lead,0.0
likethefuture_,0.0
futurelabux,0.0
first-of-its-kind,0.0
incline,0.0
high-end,0.0
universe,0.0
autonomous-car,0.0
breakthrough4,0.0
shipping,0.0
carries,0.0
scitecsoc,0.0
gpodagrosi,0.0
brush,0.0
registration,0.0
van,0.0
platoon,0.0
nasdaqapple,0.0
ü§ñüöóüëçüèº,0.0
midautumnfestival,0.0
whether,0.0
sillicon,0.0
record,0.0
below,0.0
cake,0.0
firm,0.0
underhype,0.0
trailing,0.0
incredible,0.0
therideshareguy,0.0
percent,0.0
ugvs,0.0
junk,0.0
pumps,0.0
tribune‚Ä¶,0.0
cisco_mobile,0.0
padma,0.0
richardpetty,0.0
news‚Ä¶,0.0
pods,0.0
create,-0.129283016945
consumer,-0.157541276986
autotech,-0.263034405834
financial‚Ä¶,-0.263034405834
advantage,-0.263034405834
pull,-0.321928094887
asleep,-0.387023123109
eye,-0.387023123109
googl,-0.432959407276
buy,-0.561878887608
hotz,-0.584962500721
connectedcars,-0.612976876891
smart,-0.706268796943
from,-0.716207033999
premiums,-0.736965594166
aon,-0.736965594166
area,-0.765534746363
advancement,-0.765534746363
former,-1.0
compliance,-1.0
projects,-1.0
anticorru‚Ä¶,-1.0
competition,-1.0
anticorruptintl,-1.0
just,-1.01178401976
created,-1.16349873228
possibly,-1.32192809489
baidu,-1.32192809489
commaone,-1.32192809489
commercialise,-1.32192809489
research,-1.32192809489
halt,-1.32192809489
ongoing,-1.32192809489
will,-1.32192809489
director,-1.41503749928
move,-1.58496250072
dive,-1.58496250072
especially,-1.58496250072
t-rex,-1.80735492206
ever,-1.80735492206
happens,-1.90689059561
jobs,-1.92627737547
competitor,-2.0
biggest,-2.0
futurist,-2.0
collisions,-2.06774460664
digitalmanufacturing,-2.06774460664
_inn,-2.06774460664
fun,-2.1075284643
bschorr,-2.124328135
beauwtae,-2.17138987331
're,-2.17529443605
'dozens,-2.27693316081
allegations,-2.32192809489
introducing,-2.32192809489
monthly,-2.32192809489
detailing,-2.32192809489
hand,-2.32192809489
connectedcar,-2.32192809489
insider,-2.60602411625
here..exciting,-2.62449086491
best,-2.67807190511
cloud,-2.70043971814
moorehn,-2.80735492206
package,-2.80735492206
size,-2.80735492206
done,-2.80735492206
thought.when,-2.80735492206
real,-2.80735492206
truckers,-2.80735492206
gets,-2.84484977613
example,-2.84799690655
embrace,-2.86129372917
elephant,-2.90689059561
cloudnthings,-2.90689059561
dionnelew,-2.90689059561
amazing,-3.08428808286
extra,-3.08746284125
iphone7,-3.08746284125
reading,-3.08746284125
jason,-3.08746284125
six,-3.08746284125
morality,-3.12928301694
see,-3.13750352375
business‚Ä¶,-3.29545588353
case,-3.32192809489
commute,-3.32192809489
please,-3.32192809489
-statistically,-3.32992088564
guy,-3.41238304583
take,-3.48542682717
here‚Äôs,-3.49984588708
technews,-3.54432051622
indians,-3.70043971814
learned,-3.70043971814
stop,-3.70043971814
buyers,-3.70043971814
flawed,-3.90689059561
futuristic,-3.90689059561
autonomouscar,-3.95419631039
drivers,-3.96915522537
inshorts,-4.0
kids,-4.0
kinks,-4.0
like,-4.19463927451
detect,-4.38967270152
articles,-4.49431713628
100s,-4.49431713628
ausbiz,-4.49984588708
don‚Äôt,-4.69249096503
away,-4.70043971814
financialreview,-4.72223830842
course,-4.75488750216
probably,-4.75488750216
selfdrivingcars,-4.78427130894
archive,-4.87282875953
norm,-4.95419631039
aside,-4.95419631039
autotech16,-4.95419631039
international,-4.95419631039
corrects..,-4.95419631039
more,-4.97345821255
either,-5.0
autonomesfahren,-5.0
latest,-5.03499542136
history,-5.08746284125
chips,-5.08746284125
intel,-5.08746284125
build,-5.10386603673
next,-5.12928301694
apple‚Äôs,-5.18322182406
battle,-5.20163386117
beetles,-5.20945336563
alphabet,-5.20945336563
ground,-5.27301849441
productive,-5.28540221886
leaning,-5.28540221886
askingforafriend,-5.28540221886
driverlesstechnology,-5.28540221886
leaving,-5.28540221886
announces,-5.38740193236
8.0,-5.44095219803
what,-5.52356195606
wheel,-5.66364020536
every,-5.7061435053
folks,-5.75988818322
johndarko,-5.76288029292
team,-5.87222682718
improve,-5.91488338636
trucks,-5.94485844581
opensource,-6.12412131183
htt‚Ä¶,-6.16698469419
need,-6.49417135633
behind,-6.49771014274
blasting,-6.49984588708
grandma,-6.49984588708
care,-6.49984588708
booze,-6.49984588708
hood,-6.49984588708
3rd,-6.49984588708
automation,-6.67889583327
congress,-6.76818432478
employees,-6.76818432478
carsharing,-6.76818432478
right,-6.8286654283
electric,-7.03137198986
because,-7.49984588708
autonomouscars,-7.77735175913
everyone,-7.82177398197
self,-7.95419631039
climb,-7.98556830025
wpxi,-8.19415492206
pick,-8.51608301695
may,-8.69116190455
nytimes,-8.85311800423
autonomousvehicles,-8.91488338636
building,-8.98953720245
scalablecoop,-9.02304300567
blog,-9.03950710736
localmotors,-9.14168750217
plan,-9.29369059561
something,-9.55672500145
detection,-9.66364020536
apps,-9.70872809489
says,-9.77725531519
means,-9.77911742278
360,-9.83356520681
enters,-9.85311800423
beegeaglesblog,-9.98556830025
andrew_s_bowen,-9.98556830025
black_author,-9.98556830025
proves,-10.0421518286
action,-10.0421518286
morning,-10.0421518286
readies,-10.0712981743
lot,-10.2936905956
ford‚Äôs,-10.2936905956
corporate,-10.3640799235
designs,-10.4006057995
blockchain,-10.4006057995
autopilot,-10.4314302313
ieeespectrum,-10.4380805049
imts,-10.4636155971
needs,-10.4777582664
bet,-10.4857584801
questions,-10.4896108056
bloomberg,-10.5985451771
shows,-10.641613899
commaai,-10.641613899
plans,-10.6860080184
true,-10.6860080184
reality,-10.6860080184
florida,-10.6860080184
chief,-10.7631758789
about,-10.807686575
industry,-10.8659737859
offer,-10.8786530963
comms,-10.8786530963
change,-10.8786530963
lays,-10.9311205162
ambroseep,-10.9855683003
atkins,-10.9855683003
beating,-10.9855683003
car‚Äîits,-10.9855683003
confassociazioni,-10.9855683003
andrea_ilsergio,-10.9855683003
avoiding,-10.9855683003
amatrice,-10.9855683003
critical,-10.9855683003
avoided,-11.0421518286
leader,-11.0421518286
times,-11.1010455177
interactconsul,-11.1010455177
captive,-11.2936905956
distance,-11.2936905956
edit/customer,-11.2936905956
charges/their,-11.2936905956
audience,-11.2936905956
explodes*,-11.2936905956
*brain,-11.2936905956
busta_,-11.2936905956
internetbeta,-11.2936905956
bpdoyle,-11.2936905956
become,-11.3465137332
hope,-11.3640799235
diy,-11.3640799235
social,-11.3640799235
investmentnews,-11.3640799235
design,-11.4406096667
couple,-11.516083017
online,-11.516083017
talking,-11.516083017
expect,-11.5298888165
selfdrivingcar,-11.5985451771
crowdcompanies,-11.5985451771
damn,-11.5985451771
competitors,-11.5985451771
god,-11.5985451771
nvidia,-11.6441878427
financial,-11.6860080184
older,-11.6860080184
minutes,-11.6860080184
much,-11.7791174228
icymi,-11.7791174228
pose,-11.7791174228
liability,-11.7791174228
opportunity,-11.7791174228
claims,-11.7791174228
leaders,-11.7791174228
nice,-11.7791174228
choose,-11.7791174228
e-newsletter,-11.8786530963
labor,-11.8786530963
milemarker,-11.8786530963
designapplause,-11.8786530963
applecar,-11.900569499
decisions,-11.9490424242
china,-11.9855683003
cop,-11.9855683003
correctly,-11.9855683003
amid,-11.9855683003
benedictpowers,-11.9855683003
answer,-12.0421518286
nooby,-12.0421518286
definitely,-12.0421518286
airsoft,-12.0421518286
fix,-12.1010455177
downshift,-12.1010455177
horizon,-12.1010455177
selfdrivinguber-,-12.1010455177
review,-12.1010455177
gain,-12.1010455177
consider,-12.2265763998
appear,-12.2265763998
admit,-12.2265763998
place,-12.2265763998
increasing,-12.3640799235
pro,-12.3640799235
survey,-12.3640799235
travis,-12.3640799235
featured,-12.3640799235
r/remotecontrol,-12.3640799235
kalanick,-12.3640799235
johnsberrypi,-12.3640799235
expects,-12.3640799235
visionzeroca,-12.3640799235
ig_bansheeairsoft,-12.3640799235
arduino,-12.3640799235
needed,-12.4636155971
element,-12.516083017
circle,-12.516083017
gon,-12.516083017
equation,-12.516083017
fil,-12.6860080184
ring*,-12.6860080184
chill,-12.6860080184
nope,-12.6860080184
*ring,-12.6860080184
clean,-12.6860080184
nearest,-12.6860080184
responsibility,-12.6860080184
redirecting,-12.6860080184
bill,-12.6860080184
lens,-12.6860080184
fullbellylaughs,-12.6860080184
chick,-12.6860080184
guidelines,-12.6860080184
chipotle,-12.6860080184
lenses,-12.6860080184
hacked,-12.6860080184
federal,-12.6860080184
ouch,-12.6860080184
fleets,-12.6860080184
sir,-12.6860080184
hmm,-12.6860080184
self-driving,-12.75144566
drone,-12.7791174228
anti-crash,-12.8786530963
networksmanager,-12.8786530963
education,-12.8786530963
amywebb,-12.8786530963
deep,-12.8786530963
convict,-12.8786530963
releases,-12.8786530963
now,-12.9382471919
holy,-13.1010455177
aconnectedcar,-13.1010455177
survival,-13.1010455177
futuremobility,-13.1010455177
curious,-13.1010455177
fresh,-13.1010455177
assume,-13.1010455177
linux,-13.1010455177
politic,-13.1010455177
affect,-13.1010455177
seem,-13.1010455177
decides,-13.1010455177
failure,-13.1010455177
holly,-13.1010455177
rmchase,-13.1010455177
newshour,-13.1010455177
insur,-13.1010455177
not-so-distant,-13.1010455177
gps,-13.1010455177
eventually,-13.2347969066
replace,-13.3640799235
conceptual,-13.3640799235
push,-13.3640799235
cradleza,-13.3640799235
connector,-13.3640799235
movie,-13.3640799235
glaring,-13.3640799235
dejavusecurity,-13.3640799235
rvs2016,-13.3640799235
established,-13.3640799235
iron,-13.3640799235
peak,-13.3640799235
hell,-13.3640799235
flanders‚Äô,-13.3640799235
determining,-13.3640799235
novel,-13.3640799235
journal,-13.3640799235
accidentally,-13.3640799235
hu‚Ä¶,-13.3640799235
difference,-13.3640799235
disruptivetechnology,-13.3640799235
greater,-13.3640799235
progress,-13.3640799235
airexmarket,-13.3640799235
oft-discussed,-13.3640799235
eat,-13.3640799235
michaelstahlke,-13.3640799235
flanderstoday,-13.3640799235
nationalsecurity,-13.3640799235
headphone,-13.3640799235
tasked,-13.3640799235
ethics,-13.439264435
saying,-13.6860080184
ht‚Ä¶,-13.6860080184
t4yt4yz,-13.6860080184
imagined,-13.6860080184
eye-contact,-13.6860080184
west,-13.6860080184
travelling,-13.6860080184
astockeywtae,-13.6860080184
kens5,-13.6860080184
dmonett,-13.6860080184
ingenious,-13.6860080184
businessday,-13.6860080184
bostonians,-13.6860080184
marketing,-13.6860080184
1956,-13.6860080184
america,-13.6860080184
issue,-13.6860080184
league,-13.6860080184
hammondfuturist,-13.6860080184
addressing,-13.6860080184
hands-off,-13.6860080184
represent,-13.6860080184
disrupt,-13.6860080184
cctv,-13.6860080184
license,-13.6860080184
clarify,-13.6860080184
staff,-13.6860080184
semis,-13.6860080184
dismal,-13.6860080184
visitors,-13.6860080184
car-sickness,-13.6860080184
robotcontrolledmisslelaunch,-13.9490424242
crash,-14.0530173209
passenger,-14.1010455177
iotsecurity,-14.1010455177
mediamocracy,-14.1010455177
_thecre,-14.1010455177
influence,-14.1010455177
arxiv,-14.1010455177
technica,-14.1010455177
mint,-14.1010455177
approx,-14.1010455177
enabling,-14.1010455177
sherwoodford,-14.1010455177
open‚Ä¶,-14.1010455177
meets,-14.1010455177
digitalistmag,-14.1010455177
michaela,-14.1010455177
1.3t,-14.1010455177
exploited,-14.1010455177
abhishek,-14.1010455177
corp,-14.1010455177
rethink,-14.1010455177
frankpasquale,-14.1010455177
exploring,-14.1010455177
deserve,-14.1010455177
cbcbecausenews,-14.1010455177
ars,-14.1010455177
question,-14.1010455177
income,-14.1010455177
smartgrid,-14.1010455177
amiedevero,-14.1010455177
hmd,-14.1010455177
io‚Ä¶,-14.1010455177
adoption,-14.1010455177
anymore,-14.4880686408
destroy,-14.6860080184
societal,-14.6860080184
door,-14.6860080184
connection,-14.6860080184
diversity..,-14.6860080184
fire,-14.6860080184
alert,-14.6860080184
automtechs,-14.6860080184
negotiable,-14.6860080184
smoke,-14.6860080184
rocks,-14.6860080184
neighborhoods,-14.6860080184
early,-14.6860080184
committed,-14.6860080184
robot-car,-14.6860080184
melancholy,-14.6860080184
bears,-14.6860080184
f16,-14.6860080184
limits,-14.6860080184
basic,-14.6860080184
petrolhers,-14.6860080184
fleeing,-14.6860080184
jasonmillar,-14.6860080184
diversion,-14.6860080184
christine,-14.6860080184
bbcnews,-14.6860080184
acts,-14.6860080184
computers,-14.6860080184
arthurmeyer13,-14.6860080184
headlines,-14.6860080184
excites,-14.6860080184
cybercrime,-14.6860080184
replicant,-14.6860080184
datamanagement,-14.6860080184
promotes,-14.6860080184
saturday,-14.6860080184
perception,-14.6860080184
reuterstech,-14.6860080184
complex,-14.6860080184
adamjrago,-14.6860080184
80miles,-14.6860080184
tablet,-14.6860080184
once,-14.6860080184
planning,-14.6860080184
limit,-14.6860080184
non,-14.6860080184
amazon,-15.0339313218
genius,-15.2385490414
lane,-15.5340049249
environment,-15.5604771363
did,-15.592898614
cunt,-15.6860080184
bumps,-15.6860080184
cars-rest,-15.6860080184
bostonnews,-15.6860080184
cars=,-15.6860080184
complete,-15.6860080184
rust,-15.6860080184
'guinea,-15.6860080184
condition,-15.6860080184
intensive,-15.6860080184
datascience,-15.6860080184
crosswalk,-15.6860080184
breakup,-15.6860080184
fixing,-15.6860080184
indian,-15.6860080184
lee,-15.6860080184
handsfree‚Äô,-15.6860080184
bajillion,-15.6860080184
bobby_hambrick,-15.6860080184
rule,-15.6860080184
ipadpro,-15.6860080184
itsnoteasybeinggreen,-15.6860080184
germans,-15.6860080184
occupants,-15.6860080184
fired,-15.6860080184
cyclists,-15.6860080184
assaulted,-15.6860080184
competing,-15.6860080184
civilization,-15.6860080184
dead.they,-15.6860080184
films,-15.6860080184
gurgaon,-15.6860080184
adopter,-15.6860080184
doorsüòÇüòÇüòÇ,-15.6860080184
atherenzethere,-15.6860080184
cbsthismorning,-15.6860080184
bandwidth,-15.6860080184
amsterdam,-15.6860080184
gobigwinbig,-15.6860080184
hugest,-15.6860080184
scenarios,-15.6860080184
jackson,-15.6860080184
haven‚Äôt,-15.6860080184
confirm,-15.6860080184
2450fall2016,-15.6860080184
newsflash,-15.6860080184
participants,-15.6860080184
backed,-15.6860080184
prices,-15.6860080184
cuz,-15.6860080184
1.5m,-15.6860080184
fuckuber,-15.6860080184
iflscience,-15.6860080184
hurdle,-15.6860080184
gear,-15.6860080184
driverlesscars_,-15.6860080184
autonomoustuff,-15.6860080184
loribartleytx18,-15.6860080184
chico,-15.6860080184
notfunny,-15.6860080184
brand,-15.6860080184
cool.for,-15.6860080184
beaten,-15.6860080184
gop,-15.6860080184
digitaleconomy,-15.6860080184
beneficiary,-15.6860080184
bond-villain-faced,-15.6860080184
increase,-15.6860080184
lidar-on-a-chip,-15.6860080184
cheap,-15.6860080184
bodies,-15.6860080184
fastest,-15.6860080184
app,-15.6860080184
chances,-15.6860080184
difficult,-15.6860080184
james,-15.6860080184
boom,-15.6860080184
game,-16.8103361534
feature,-17.0079361133
hey,-17.1483512325
brianmoore666,-17.7734708596
ready,-17.791521908
basically,-17.8559330198
goodluckwiththat,-17.8559330198
makes,-18.1885083589
designated,-18.7734708596
autoindustry,-18.8152910353
automakers,-18.8577951274
'll,-19.110178689
moralmachine,-19.3248921247
balanced,-19.592898614
cuts,-19.895461384
report,-20.1723436919
david,-20.2728326267
error,-21.1252754383
australian,-21.2952004397
long,-21.710237939
cut,-21.9340559485
aapl,-22.710237939
accidents,-22.7367545701
policy,-22.7870535361
captivity,-22.9905932551
catalyst,-23.0277201289
airpods,-23.0277201289
russia,-23.1970903543
help,-23.3861740998
analysis,-23.8801629405
anyone,-23.979403028
completely,-24.4651254412
cnet,-24.5016513172
projecttitan,-24.728159847
bond,-24.7426594167
alexlidow,-25.0866138179
millions,-25.2020910353
different,-25.2952004397
coalition,-25.3947361133
dead,-25.6171285346
speed,-25.7573061927
assoc,-25.8801629405
guess,-26.2020910353
cint,-26.4651254412
cliffs,-26.5646611147
afraid,-26.728159847
1min,-26.7870535361
clip,-26.7870535361
2/2,-27.3720160368
becomes,-27.3720160368
attyabdul,-27.3720160368
boys,-27.4651254412
habits,-28.3720160368
lebeaucarnews,-28.3720160368
higher,-28.5240191302
computer,-28.8150679122
complaining,-29.3720160368
alter,-29.3720160368
law,-29.672189579
cars,-29.9085011956
hero,-30.3720160368
letter,-30.3720160368
lazy,-30.3720160368
confirmation,-30.3720160368
belt,-31.3720160368
conditions,-31.3720160368
good,-31.5502371798
driver,-32.0390642116
causing,-32.1585129899
cause,-34.0807441317
drive,-35.3486231096
n't,-39.1058084639
cops,-39.357584337
chrisl2185,-40.303136553
idea,-41.6016465549
piss,-42.0580240552
also,-45.6672164765
freedom,-46.0580240552
bad,-46.2039325324
insurance,-52.5995170403
could,-55.9001934622
apple,-56.1334657501
